href,title,date,summary
https://wx.fzu.edu.cn/info/1086/3328.htm,物信学院举办“扬帆计划”实习交流分享暨动员会,2025-01-17,逐梦职场，启航未来。为进一步推动“扬帆计划”的深入实施，帮助学生更好地了解实习机会，鼓励更多同学参与“杨帆计划”实习活动，2025年1月14日晚，物信学院在旗山校区文1-105举办了“扬帆计划”实习交流分享暨动员会。 交流会上，物信学院参与过“扬帆计划”的3名优秀学生代...
https://wx.fzu.edu.cn/info/1086/3315.htm,物信学院举行2024级学生代表交流座谈会,2025-01-15,为进一步提升教育管理服务水平，推进学生工作落细落实，及时倾听学生心声，2025年1月13日下午，物信学院2024级学生代表交流座谈会在铜盘校区A栋2楼会议室举行。物信学院党委魏金明书记、祝传广老师、2024级本科生辅导员及部分数理综合班学生代表出席本次座谈会。座谈会上，学生...
https://wx.fzu.edu.cn/info/1086/3313.htm,处级领导干部联系学生社区面对面暨铜盘校区2号楼师生座谈会圆满结束,2025-01-15,为进一步推动领导干部常态化深入学生社区，“面对面”关心学生，及时解决涉及学生思想、学习、生活、发展等实际问题，增强学生社区思想政治工作的渗透力、亲和力与实效性，2025年1月3日，处级领导干部联系学生社区面对面暨铜盘校区2号楼师生座谈会在铜盘校区学生生活区一号楼一...
https://wx.fzu.edu.cn/info/1086/3293.htm,“一站式”学生社区建设| 物信学院举办“巳巳如意，共迎新年”2025年元旦游园会,2025-01-02,2025年1月1日，物信学院在16号楼共享活动空间举办“巳巳如意，共迎新年”2025年元旦游园会。游园活动精彩纷呈，现场气氛热烈，欢声不断。 “疯狂套圈圈”现场不时响起阵阵欢呼声与喝彩声；墨香四溢的 “笔下生花”一幅幅对仗工整、笔力刚劲、意境优美的对联跃然纸上；“DIY中国...
https://wx.fzu.edu.cn/info/1086/3292.htm,物信学院召开2025届考研冲刺动员暨考风考纪教育大会,2024-12-20,2025年全国硕士研究生统一招生考试将近，为激励考研学生的备考信心、激发考研斗志、鼓舞考研士气，严肃考风考纪，杜绝考试违纪行为的发生，营造公平、公正、诚信的考研氛围，2024年12月16日下午，物理与信息工程学院在旗山校区文科楼101召开考研冲刺动员暨考风考纪教育大会。学...
https://wx.fzu.edu.cn/info/1086/3266.htm,物信学院旗山校区本科生各年级召开安全法纪警示教育大会暨期末年段会,2024-12-18,为深入学习贯彻落实习近平法治思想，加强学生法规法纪观念，进一步提升学生安全意识与自我保护能力，扎实做好校园安全稳定工作，2024年12月，物信学院旗山校区本科生各年级分阶段召开了安全法纪警示教育大会暨期末年段会。本次大会邀请了福州市公安局怡山派出所聂坤海警官主讲...
https://wx.fzu.edu.cn/info/1086/3265.htm,物信学院开展研究生法治安全教育讲座,2024-12-12,为不断提高研究生安全法制意识，切实增强研究生安全防范意识，营造和谐稳定的校园环境，12月8日下午，物理与信息工程学院在图书馆博学厅举办了法制安全教育讲座。此次活动邀请到荷塘派出所所长游斌警官担任主讲，开展题为《守护青春，安全同行》的专题讲座，物信学院全体研究生...
https://wx.fzu.edu.cn/info/1086/3204.htm,物信学院召开11月份安全稳定工作专题会议,2024-12-11,为进一步强化学院安全稳定，2024年11月28日上午，物信学院11月安全稳定工作专题会议在院楼105举行。物理与信息工程学院党委郑志刚副书记及学工组全体辅导员参加了此次会议。会上，各年级辅导员分别就11月份深入学生一线，掌握学生动态，开展工作，维护学院安全稳定情况进行汇报...
https://wx.fzu.edu.cn/info/1086/3205.htm,《物信新视野》第三十四期——“电磁波束的操控者：相控阵天线的科学奥秘”顺利举办,2024-12-07,2024年12月5日晚上，《物信新视野》第三十四期——“电磁波束的操控者：相控阵天线的科学奥秘”在物信南楼思源厅顺利举行，本次论坛活动由通信工程系张哲晨博士主讲，2023级本科生辅导员刘涛老师和线上线下200余名本科生参与本次论坛。 张哲晨老师分别于2018、2023年获得电子科...
https://wx.fzu.edu.cn/info/1086/3206.htm,物信学院优秀志愿者和项目亮相福州大学12·5国际志愿者日活动,2024-12-07,2024年12月5日是第39个国际志愿者日，物理与信息工程学院优秀志愿者代表——全省第440位、福州市第119位造血干细胞捐献者宋祥和大型赛会志愿者代表岳烨亮相校“青言志愿，微光成炬”志愿服务榜样分享会，优秀项目——“守善于心，义修于行”义务维修志愿服务项目参加“青春志愿...
https://wx.fzu.edu.cn/info/1086/3207.htm,千校万岗·筑梦基层|物信学院举办2025年福建选调生政策解读会,2024-12-04,为帮助学生了解2025年福建选调生考试最新考情和政策变化，指导学生如何填写报名表，12月3日晚，物信学院在旗山校区思源厅举办了2025年福建选调生政策解读会。解读会由黄浩集老师主讲，毕业班辅导员与近百名学生参加。 讲座伊始，黄浩集老师对选调生相关政策、报名流程、审核要...
https://wx.fzu.edu.cn/info/1086/3208.htm,"讲述青年故事,传递物信精神|《物信青年说》第二十二期——“智领创新展锋芒，国奖荣耀铸辉煌”在铜盘校区顺利开讲!",2024-12-04,2024年11月28日晚，由福州大学物理与信息工程学院党委主办、学生发展中心承办的《物信青年说》第二十二期——“智领创新展锋芒，国奖荣耀铸辉煌”在铜盘校区科报厅A顺利举行。物信学院党委郑志刚副书记、各年级辅导员老师出席本次分享会，物信学院线上线下近七百名学生参与本次...
https://wx.fzu.edu.cn/info/1086/3209.htm,爱的延续|物信青协开展“旧衣回收”志愿活动,2024-12-03,2024年11月8日和10日，福州大学物理与信息工程学院青年志愿者协会（以下简称物信青协）与福建省马长白扶贫中心联合举办的“旧衣回收”志愿活动分别在旗山、铜盘校区开展。本次活动一共回收旧衣203件。全体物信青协志愿者积极行动，将福大物信青协的爱广泛传播。活动介绍在时光...
https://wx.fzu.edu.cn/info/1086/3210.htm,物信学院第53届校运会表彰大会顺利举行,2024-12-02,2024年11月28日下午，福州大学物理与信息工程学院第53届校运会表彰大会在学院思源厅召开，学院党委书记魏金明老师、学院党委副书记郑志刚老师出席表彰大会，各年级辅导员、第53届校运会运动员、工作人员以及各班文体委员参加了本次大会。表彰大会由学院团委书记庄琪老师主持。...
https://wx.fzu.edu.cn/info/1086/3188.htm,清新福建魅力乡村-我院工会组织教职工开展桂峰村秋游活动,2024-11-29,为进一步丰富教职工文体生活，增强教职工的获得感、幸福感和凝聚力，11月23日，物信学院工会组织教职工前往中国历史文化名村——尤溪县桂峰村开展秋游活动，实地感受我省乡村振兴建设与发展。坐落于尤溪县洋中镇的桂峰古村，地处半高山谷地带，四周被清冽的山水所环绕，气候温...
https://wx.fzu.edu.cn/info/1086/3141.htm,物信学院顺利召开十一月份“一月一‘习’话”——师生理论学习交流会,2024-11-28,11月20日晚6时，物信学院于16号楼“一站式”学生社区发展中心顺利开展“一月一‘习’话”——师生理论学习交流会。物理与信息工程学院党委副书记郑志刚，团委书记庄琪以及学院团委学生会文化部和艺术团的18名骨干成员参与此次座谈交流，共同学习了习近平总书记在中共中央政治局...
https://wx.fzu.edu.cn/info/1086/3142.htm,处级领导干部联系学生社区面对面——旗山校区15号楼师生座谈会,2024-11-28,为进一步加强我校“一站式”学生社区综合管理模式建设，推动领导干部常态化深入学生社区，及时解决涉及学生思想、学习、生活、发展等实际问题，2024年11月27日，处级领导干部联系学生社区面对面——旗山校区15号楼师生座谈会在旗山校区15号楼活动室举行。图书馆馆长林林、图书...
https://wx.fzu.edu.cn/info/1086/3143.htm,物理与信息工程学院2022级学生党支部与闽侯县实验中学党总支开展共建主题党日活动,2024-11-28,为深入学习贯彻党的二十大和二十届三中全会精神，助力大中小学思政教育一体化建设，发挥新一代信息技术人才学生党员的模范作用，11月26日下午，物理与信息工程学院2022级本科生学生党支部与闽侯县实验中学党总支开展“携手共筑科创梦 党建赋能‘芯’征程”共建主题党日活动。物...
https://wx.fzu.edu.cn/info/1086/3144.htm,“一站式”学生社区建设|物信学院举行2024年楼层长宿舍安全朋辈交流会,2024-11-27,为深入贯彻落实习近平总书记关于防灾减灾救灾重要论述，切实做好校园安全工作，推动我院学生应急避险安全知识宣传教育，提高学生安全防范意识和应对火灾、地震等突发事件的能力，2024年11月23日，我院于16号楼共享活动空间（校学业发展支持中心）会议室面向全院楼层长开展了“...
https://wx.fzu.edu.cn/info/1086/3145.htm,物信学院团委组织开展团务工作专题培训,2024-11-27,为提学院各基层团支部的工作效率和工作质量，推动学院各项团务工作的顺利开展，11月22日，物信学院于16号楼“一站式”学生社区发展中心顺利开展团务工作专题培训。会议由学院团委庄琪书记主持，校团委史津萌老师主讲，各年级团支书、组织部负责人参加本次会议。会议伊始，学院...
https://wx.fzu.edu.cn/info/1086/3285.htm,物信学院2024研究生新生篮球赛圆满落幕,2024-11-25,枫红球场映晚霞，物信研子展风华。11月24日下午，福州大学物理与信息工程学院研究生新生篮球赛顺利落下帷幕。  参赛队员合影本年度的新生杯历时两周，参与此次赛事的四支队伍，由2024级各研究生班级的篮球爱好者组成。赛事采用了积分赛加决赛的赛制，确保了比赛的激烈与公正。...
https://wx.fzu.edu.cn/info/1086/3146.htm,再获突破！——物信学子在第十九届“挑战杯”全国大学生课外学术科技作品竞赛2024年度“揭榜挂帅”专项赛上首获特等奖,2024-11-22,第十九届“挑战杯”全国大学生课外学术科技作品竞赛2024年度“揭榜挂帅”专项赛终审决赛于11月8日至10日在北京航空航天大学、11月15日至17日在中国计量大学和浙江理工大学举行。智能光学感知实验室团队在大挑“揭榜挂帅”专项赛中为物信学院首获特等奖！赛场剪影              ...
https://wx.fzu.edu.cn/info/1086/3147.htm,院领导为联系基层党支部讲授专题党课,2024-11-22,为深入学习贯彻习近平新时代中国特色社会主义思想和党的二十届三中全会精神，进一步增强党性修养，提升党员意识，增强责任担当，11月19日晚，我院党委副书记郑志刚以《学习贯彻二十届三中全会精神，在推进教育科技人才一体化发展中贡献学工力量》为题，在学生社区16号楼一站式...
https://wx.fzu.edu.cn/info/1086/3148.htm,喜报 | 我院徐攀同学荣获“十佳研究生党员”荣誉称号，医疗器械医药技术实验室研究生党支部荣获“十佳研究生党支部”称号,2024-11-22,11月21日下午3点，由福州大学党委组织部、学生工作部（处）、研究生院主办的“先锋引领·青春向党”福州大学2024年“十佳研究生党员”评选活动决赛于旗山校区图书馆博学厅开展。经各二级党委申报推荐、学校初赛评选，遴选产生14名研究生党员入围决赛。比赛现场，参赛选手们通过...
https://wx.fzu.edu.cn/info/1086/3123.htm,《物信新视野》第三十三期——“万物皆可傅里叶变化”顺利举办,2024-11-21,"2024年11月14日晚上，《物信新视野》第三十三期——“万物皆可傅里叶变化”在物信南楼思源厅顺利举行,本次论坛活动由电子信息工程系张心林博士主讲，2023级本科生辅导员刘涛老师和各年级电子信息类专业学生参与本次论坛。 张心林老师于2022年12月博士毕业于厦门大学电子科学系..."
https://wx.fzu.edu.cn/info/1086/3124.htm,物理与信息工程学院成功举办首届职业规划大赛,2024-11-19,福州大学物理与信息工程学院首届职业规划大赛于2024年11月17日在学院思源厅圆满结束。此次大赛以“筑梦青春志在四方，规划启航职引未来”为主题。比赛分为成长赛道高教组、就业赛道设高教本科生组、高教研究生组。参赛选手由各年级学生自主报名，年级选拔，包括研究生、本科生...
https://wx.fzu.edu.cn/info/1086/3125.htm,物信学院学生骨干举行学习习近平总书记来闽考察重要讲话精神学习会,2024-11-19,10月15日至16日，习近平总书记回到福建考察调研并发表重要讲话，为福建改革发展把脉定向、指路引航。为深入学习贯彻习近平总书记在福建考察时的重要讲话精神，深刻感悟习近平总书记对福建人民的深情厚谊、对福建工作的关心支持、对福建发展的殷切期望，提高学院团学骨干的思想...
https://wx.fzu.edu.cn/info/1086/1816.htm,当“燃”不让，圆满闭幕！物信学院多角度重温校运会高光时刻！,2024-11-11,秋风轻拂暖阳，白云逐梦蓝天。在这充满激情的秋日里，福州大学第53届田径运动会圆满落幕。一滴滴汗水浸透运动员的衣衫，一声声呐喊响彻赛场的天际，一幕幕瞬间尽显青春的芳华。让我们跟随镜头一睹运动会的精彩瞬间。开幕式物信出场，势不可挡体育向上，强国有我青春飞扬，同创...
https://wx.fzu.edu.cn/info/1086/3251.htm,物信学院顺利召开十一月份学生党支部书记例会,2024-11-08,为贯彻落实新时代党的建设总要求，切实履行全面从严治党主体责任，2024年11月7日下午，物信学院在祥联厅召开十一月份学生党支部书记工作例会，学院党委副书记郑志刚、辅导员刘媛老师及全体学生党支部书记参加了会议。首先，各支部书记分别汇报各支部开学以来的重点及计划开展的...
https://wx.fzu.edu.cn/info/1086/1817.htm,物信学院10月份安全稳定工作专题会议暨心理健康工作专题会议顺利召开,2024-11-06,2024年10月31日上午，物信学院10月份安全稳定工作会议暨心理健康工作专题会议在院楼祥联厅顺利召开。物理与信息工程学院党委郑志刚副书记及学工组全体辅导员参加了此次会议。会上，各年级辅导员分别就本年级的安全稳定工作进行了汇报，全方位分析研判年级在意识形态安全、网络...
https://wx.fzu.edu.cn/info/1086/1818.htm,物理与信息工程学院顺利开展学生急难愁盼问题座谈会,2024-11-04,为进一步倾听学生心声，解决学生实际问题，不断提升教育管理服务水平，推进学生工作落细落实，物信学院于10月29日召开学生“急难愁盼”问题调研座谈会。物信学院党委副书记郑志刚、2022级研究生辅导员陈山、2022级本科生辅导员叶昊与本、硕共计12名学生代表参与了此次座谈会。...
https://wx.fzu.edu.cn/info/1086/1819.htm,物信学院顺利召开十月份“一月一‘习’话”——师生理论学习交流会,2024-11-04,2024年10月29日，物信学院于16号楼“一站式”学生社区发展中心顺利开展“一月一‘习’话”——师生理论学习交流会。此次十月份的理论学习主题为：投身科技创新，贡献青春力量。物理与信息工程学院党委副书记郑志刚、2022级研究生辅导员陈山、2022级本科生辅导员叶昊及12名各年...
https://wx.fzu.edu.cn/info/1086/1820.htm,“一站式”学生社区建设|物信学院举办第十一届宿舍文化节系列  活动之“门牌”里的奇思妙想制作大赛,2024-11-04,为扎实推进“一站式”学生社区建设，营造团结友爱的宿舍文化氛围，增强宿舍凝聚力，提升我院学生对集体生活的认同感和责任感，10月1日至30日，我院面向全院学生开展第十一届宿舍文化节系列活动之“门牌”里的奇思妙想制作大赛，共吸引200余间宿舍参赛。自赛事启动以来，各参赛...
https://wx.fzu.edu.cn/info/1086/3227.htm,福州大学物理与信息工程学院第四次学生代表大会、 第四次研究生代表大会顺利召开,2024-10-31,2024年10月28日，福州大学物理与信息工程学院第四次学生代表大会、第四次研究生代表大会于物信学院思源厅顺利召开。出席本次大会的有院党委副书记郑志刚老师、院团委书记陈山老师、院团委副书记苏海姬老师、校学生会主席团成员张心儀同学、校研究生会主席团成员蔡珍娜同学、紫...
https://wx.fzu.edu.cn/info/1086/1821.htm,“七十五载歌舞颂，青春启航共成长”  “NPT之夜”物信学院2024年迎新晚会顺利举行,2024-10-30,2024年10月26日晚，福州大学物理与信息工程学院庆祝新中国成立75周年暨2024年迎新晚会在旗山校区图书馆博学厅隆重举行。物信学院党委书记魏金明、党委副书记郑志刚、院党委委员、院长助理高跃明研究员、院团委书记陈山、院团委副书记苏海姬、研究生辅导员吴雨桐、本科生21级辅...
https://wx.fzu.edu.cn/info/1086/1822.htm,物理与信息工程学院开展2024级新生校史馆参观活动,2024-10-30,为进一步帮助我院2024级新生了解福州大学的历史与文化，增强学生爱校荣誉感，2024年10月26日，物信学院组织新生参观校史馆。 当天，新生们在讲解员的带领下，回顾了福州大学从创业初期筚路蓝缕到跻身“211工程”重点建设高校，并步入“双一流”建设新阶段的光辉历程。通过参观...
https://wx.fzu.edu.cn/info/1086/1823.htm,物信学院第53届校运会赛前动员大会圆满召开,2024-10-28,在福州大学第53届田径运动会来临之际，为充分调动运动员积极性，保障训练期间各项工作有序进行。2024年10月17日，物理与信息工程学院在物信南楼思源厅举行第53届田径运动会动员大会。物信学院党委郑志刚副书记、2023级辅导员刘涛老师、2024级辅导员沈君涛老师出席本次大会，学...
https://wx.fzu.edu.cn/info/1086/1824.htm,"讲述青年故事,传递物信精神|第264期博学论坛暨第21期《物信青年说》 “启智科研探奥秘，蒙学筑梦育英才”在铜盘校区顺利开讲!",2024-10-28,习近平总书记曾指出，“要加快建设教育强国、科技强国、人才强国。”科技发展的自立自强，离不开广大科研人员的不断艰苦奋斗、追求卓越，坚守岗位，勇往直前。为响应习总书记号召，一代代优秀的福大学子，努力学习，将责任挑过肩头，用青春和汗水诠释青年力量。为充分调动新生...
https://wx.fzu.edu.cn/info/1086/1825.htm,领会精神内涵，争做新时代物信好青年—物信学院顺利开展2024年秋季学生骨干培训班第二讲,2024-10-13,为深入学习贯彻党的二十大精神与党的二十届三中全会精神，提高我院学生骨干综合素质，加强我院团委、学生会学生骨干队伍建设，引领青年以实际行动诠释“青春为中国式现代化挺膺担当”，10月12日晚，物信学院2024年秋季学生骨干培训班第二讲于物信南楼思源厅顺利开展。会议由学...
https://wx.fzu.edu.cn/info/1086/1826.htm,物信学院顺利召开十月份学生党支部书记例会,2024-10-11,为深入学习贯彻党的二十届三中全会精神，落实基层党组织建设规范性，提升基层党务工作者业务水平和能力，2024年10月10日下午，物信学院在思源厅召开十月份学生党支部书记工作例会，学院党委副书记郑志刚、辅导员刘媛老师及全体学生党支部书记参加了会议。首先，刘媛老师指出，...
https://wx.fzu.edu.cn/info/1086/1827.htm,我院顺利召开2023-2024学年本科生班主任汇报考核会,2024-10-10,2024年9月19日、10月10日，物理与信息工程学院、微电子学院2023-2024学年本科生班主任述职考核暨第六届优秀班主任评选工作于思源厅顺利开展。物信学院党委郑志刚副书记、2022级本科生辅导员刘媛老师、叶昊老师、2023级本科生辅导员周蓉芳老师以及来自2022级和2023级各班学生代...
https://wx.fzu.edu.cn/info/1086/1828.htm,物信学院顺利召开九月份安全稳定工作专题会议,2024-09-30,为进一步加强改进我院学生思想政治教育工作，维护校园安全稳定，2024年9月26日上午，物信学院安全稳定工作专题会议在院楼105会议室顺利开展。物理与信息工程学院党委郑志刚副书记及学工组全体辅导员参加了此次会议。会上，郑志刚副书记传达了福州大学学工系统安全稳定工作会议...
https://wx.fzu.edu.cn/info/1086/1829.htm,物信学院“实践归来话成长”暑期“三下乡”实践成果分享会圆满结束,2024-09-30,为深入学习贯彻习近平总书记关于青年工作的重要思想，鼓励物信学院新生积极投身社会实践，争做有理想、敢担当、能吃苦、肯奋斗的新时代青年，福州大学物理与信息工程学院于9月29日在铜盘科报厅B开展暑期“三下乡”“实践归来话成长”主题汇报活动。物信学院团委书记陈山老师、...
https://wx.fzu.edu.cn/info/1086/1830.htm,物信学院“七十五载风华颂，砥砺奋进新征程”庆祝新中国成立75周年系列活动之演讲比赛顺利举行,2024-09-29,为隆重庆祝中华人民共和国成立75 周年，9月28日下午，福州大学物信学院于旗山校区图书馆明德厅举办了“七十五载风华颂，砥砺奋进新征程”庆祝新中国成立75周年演讲比赛。物理与信息工程学院党委郑志刚副书记、校党政办文秘科干部黄乐博士、校团委文化与青年发展部副部长史津萌...
https://wx.fzu.edu.cn/info/1086/1831.htm,2024物信学院研究生会秋季学生骨干培训班顺利举办,2024-09-29,为了加强研究生会整体建设，物理与信息工程学院2024年秋季研究生骨干培训班于2024年9月28日晚及2024年10月10日晚顺利举行。本次培训旨在引领研究生学生干部学习、贯彻落实党的二十大精神、党的二十届三中全会精神以及团十九大精神，不断增强本领能力、强化责任意识，敢于担当、...
https://wx.fzu.edu.cn/info/1086/1832.htm,物信学院顺利召开九月份“一月一‘习’话”——师生理论学习交流会,2024-09-28,2024年9月26日下午，物信学院于铜盘校区教学楼A栋会议室开展“一月一‘习’话”——师生理论学习交流会。此次九月份的理论学习主题为：坚定信仰信念信心，立报国强国大志向、做挺膺担当奋斗者。物理与信息工程学院党委副书记郑志刚、2024级本科生辅导员沈君涛、童晗以及2024级...
https://wx.fzu.edu.cn/info/1086/3255.htm,物信学院“逐梦前行”2023级研究生年级大会圆满召开,2024-09-26,为进一步提高研究生思想道德水平，强化物信学院2023级研究生的安全法治意识，优化学生教育管理服务工作，2024年9月25日，物信学院2023级研究生以“逐梦前行”为主题的年段大会在线上腾讯会议召开，会议由2023级辅导员吴雨桐老师主讲。 会议伊始，吴雨桐老师首先结合近期假期安...
https://wx.fzu.edu.cn/info/1086/1833.htm,军训特辑|英姿筑军魂，戎装展风采,2024-09-24,灼灼芳华，当筑钢铁意识；巍巍军风，方显青年本色。福州大学2024级本科生军训于9月9日至9月22日在铜盘校区顺利开展。军训期间，物理与信息工程学院的同学们充分发扬了艰苦奋斗、顽强拼搏的精神，听从指挥、服从命令，圆满达到了军事训练的各项要求，并取得了“大满贯”的优异成...
https://wx.fzu.edu.cn/info/1086/1834.htm,物信学院学风建设大会顺利召开,2024-09-23,为了进一步加强学风建设，激发广大学生树立正确学习观，培养自主学习能力，全力化解学情分析中存在的主要问题，提升学风建设工作成效，2024年9月21日上午10点，物信学院于物信南楼思源厅召开2024-2025学年第一学期学风建设大会。物信学院党委郑志刚副书记出席会议并讲话，全院...
https://wx.fzu.edu.cn/info/1086/1835.htm,物理与信息工程学院新生入学教育思政系列课程【20】——守护生命，共同成长（生命守门员培训）,2024-09-11,为做好心理危机预防及干预工作，维护学生生命安全和校园安全稳定，促进我院全体学生的心理健康教育工作，2024年9月7日晚上，物信学院开展新生入学教育思政系列课程——守护生命，共同成长（生命守门员培训），此次课程特邀福州大学心理健康教育与辅导中心主任许琳玲老师担任主...
https://wx.fzu.edu.cn/info/1086/1836.htm,物理与信息工程学院新生入学教育思政系列课程【19】  ——不做沉迷网络的宅男宅女,2024-09-11,为引导我院2024级新生合理健康地使用网络，养成良好的健康上网习惯，2024年9月4日上午，物信学院开展新生入学教育思政系列课程——不做沉迷网络的宅男宅女，此次课程特邀福建省心理学会普心与实心专业委员会副主任苏文亮老师担任主讲嘉宾。 苏文亮老师结合生动鲜活的案例，深入...
https://wx.fzu.edu.cn/info/1086/1837.htm,物理与信息工程学院研究生新生入学教育思政系列课程【18】——科研入门启蒙教育,2024-09-10,2024年9月8日下午，物理与信息工程学院研究生新生入学教育思政系列课程——“谈谈研究生的学习和科研”科研入门启蒙教育在旗山校区图书馆博学厅成功举办。此次课程邀请到的主讲嘉宾是物理与信息工程学院、微电子学院院长、二级教授、博士生导师，宝钢优秀教师奖获得者程树英教...
https://wx.fzu.edu.cn/info/1086/1838.htm,物理与信息工程学院新生入学教育思政系列课程【17】——实验室安全教育,2024-09-10,为进一步规范和加强我院实验室安全管理工作，引导研究生新生时刻紧绷实验室安全之弦，切实增强同学们对实验室安全事故的应急处置能力，有效预防各实验室安全事故，2024年9月8日，物信学院在福州大学旗山校区图书馆博学厅开展研究生新生入学教育思政系列课程——实验室安全教育...
https://wx.fzu.edu.cn/info/1086/1839.htm,物理与信息工程学院新生入学教育思政系列课程【16】——大学生海外升学规划,2024-09-10,为帮助我院2024级新生更好地了解国际教育体系，培养他们的全球视野，2024年9月8日，物信学院开展新生入学教育思政系列课程【16】大学生海外升学规划。本次课程邀请出国留学规划师江绍楚老师作为主讲嘉宾。 首先，江绍楚老师解答了为何鼓励大学生出国留学，并深入分析了海外研究...
https://wx.fzu.edu.cn/info/1086/1840.htm,物理与信息工程学院新生入学教育思政系列课程【15】——践行社会主义核心价值观，做新时代“物信”有为青年,2024-09-10,为进一步帮助2024级新生培养高尚的情操并践行社会主义核心价值观，2024年9月8日，物信学院在铜盘校区开展新生入学教育思政系列课程【15】践行社会主义核心价值观，做新时代“物信”有为青年。本次课程由学院负责思政教育工作的吴雨桐老师主讲。本次课程，吴雨桐老师结合实际的...
https://wx.fzu.edu.cn/info/1086/1841.htm,物理与信息工程学院新生入学教育思政系列课程【14】——职业生涯规划教育,2024-09-08,为帮助2024级新生尽快适应大学生活，明确职业生涯规划的定义和方向，树立职业理想，2024年9月7日，我院在铜盘校区开展新生入学教育思政系列课程【14】—职业生涯规划教育。本次课程由学院负责就业指导工作的方德汕老师主讲。 首先，方德汕老师通过具体的毕业生案例，帮助新生们...
https://wx.fzu.edu.cn/info/1086/1842.htm,物理与信息工程学院新生入学教育思政系列课程【13】——共筑法治防护墙,2024-09-07,为进一步增强学生法治意识，做遵纪守法的好公民，共同营造良好校园环境，2024年9月5日下午，物理与信息工程学院法制教育课程——“开学第一课，共筑防护墙”在旗山校区模拟法庭成功举办。此次课程邀请到的主讲嘉宾是福州市公安局怡山派出所综合中队长黄思亮警官。物理与信息工...
https://wx.fzu.edu.cn/info/1086/1843.htm,物理与信息工程学院新生入学教育思政系列课程【12】——情绪调适与意志品质培养,2024-09-06,为进一步增强大学生的情绪控制能力，帮助学生有效地应对生活中的压力和挑战，预防焦虑、抑郁等心理问题的发生，2024年9月6日，我院通过线上线下相结合的形式开展新生入学教育思政系列课程【12】—情绪调适与意志品质培养，本次课程由福州大学人文社会科学学院赵凌波教授主讲。...
https://wx.fzu.edu.cn/info/1086/1844.htm,物理与信息工程学院新生入学教育思政系列课程【11】——励志教育与感恩教育暨资助政策宣讲,2024-09-06,为进一步加大学生资助政策宣传力度，充分发挥资助育人功能，帮助学生全面、准确、及时地了解校内资助工作新动态，2024年9月5日，我院通过线上线下相结合的形式开展新生入学教育思政系列课程【11】—励志教育与感恩教育暨资助政策宣讲，本次课程由学院资助工作负责老师叶昊主讲...
https://wx.fzu.edu.cn/info/1086/3256.htm,物信学院2024级研究生年段大会顺利举行,2024-09-06,奋斗新起点，启航新征程。在物信学院2024级研究生新生开学之际，为向全体新生致以最热烈欢迎，同时指导并帮助新生迅速了解和适应新的环境，并且加深新生对学院团委研究生会工作的认识，物信学院于9月3日下午15时在图书馆博学厅隆重举行2024级研究生年段大会。院团委书记陈山老...
https://wx.fzu.edu.cn/info/1086/1845.htm,物信学院2022级本科生顺利召开新学期年段会,2024-09-05,为落实立德树人根本任务，营造浓厚的开学氛围，激励同学们以饱满的热情和昂扬的斗志迎接新的学期，同时明确新学期的奋斗目标，2024年8月30日至9月4日期间，物信学院2022级本科生辅导员刘媛、叶昊老师分批召开了新学期的年段会。会议以“一半”为切入点引发年级同学的深思，转眼...
https://wx.fzu.edu.cn/info/1086/1846.htm,物理与信息工程学院新生入学教育思政系列课程【10】——教学管理与选课指导,2024-09-05,为帮助我院2024级新生更好地了解学校的选课相关规章制度，提提升学生的选课效率，2024年9月4日，物信学院开展新生入学教育思政系列课程【10】—教学管理与选课指导。本次课程由教务处铜盘校区管理科林灵副科长主讲。 在课程正式开始前，林灵老师概述了教学管理的基本构建，说明...
https://wx.fzu.edu.cn/info/1086/1847.htm,物理与信息工程学院新生入学教育思政系列课程【9】——新时代大学生入德之门及内圣外王之道,2024-09-04,9月3日早9点，物理与信息工程学院新生入学教育思政系列课程——新时代大学生入德之门及内圣外王之道在旗山校区图书馆博学厅成功举办。此次课程邀请到福州大学徐宏志副研究员作为主讲嘉宾。物理与信息工程学院、微电子学院的全体研究生共400余人现场聆听了此次课程。与此同时，...
https://wx.fzu.edu.cn/info/1086/1848.htm,物理与信息工程学院新生入学教育思政系列课程【8】——人际交往与沟通教育,2024-09-04,9月3日下午3点，福州大学物理与信息工程学院新生入学教育思政系列课程——“有效沟通成就幸福人生”心理教育课程在旗山校区图书馆博学厅成功举办。此次课程邀请到福州大学心理学博士钟佑洁副教授作为主讲人。2024级全体研究生共400余人现场参与了此次课程的学习。与此同时，物...
https://wx.fzu.edu.cn/info/1086/1849.htm,物理与信息工程学院新生入学教育思政系列课程【7】——提升网络安全与守法意识教育,2024-09-04,2024年9月2日下午，物理与信息工程学院2024级新生入学教育思政系列课程——提升网络安全与守法意识在旗山校区图书馆博学厅成功举办。此次课程邀请到的嘉宾有上街（高新区）分局网安大队大队长琚彦、福建省女子司法强制隔离戒毒所（康复中心主任）章虹、物理与信息工程学院党委...
https://wx.fzu.edu.cn/info/1086/1850.htm,物信学院开展党的二十届三中全会精神学习宣传贯彻团干部宣讲,2024-09-04,为深入学习宣传贯彻党的二十届三中全会精神，2024年9月3日，共青团福州大学物理与信息工程学院委员会在图书馆博学厅开展党的二十届三中全会精神学习宣传贯彻团干部宣讲活动。学院团委书记陈山老师围绕党的二十届三中全会的主要内容、重要意义尤其是对青年一代的要求进行了分享...
https://wx.fzu.edu.cn/info/1086/1851.htm,物信学院开展2024级研究生新生团员意识教育,2024-09-04,为聚焦为党育人主责主业，切实增强新生团员意识，激发新生团员先进性，进一步提升新时代共青团思想政治引领工作水平，2024年9月3日，共青团福州大学物理与信息工程学院委员会组织开展研究生新生团员意识教育，由学院团委书记陈山老师主讲。会议在图书馆博学厅举行，全体2024级...
https://wx.fzu.edu.cn/info/1086/1852.htm,物信学院本科2021级新学期年级大会圆满召开,2024-09-04,为深入贯彻党的二十届三中全会精神，落实立德树人根本任务，提高学生思想道德修养，强化学生遵规守纪意识和安全防范意识，进一步做好毕业班学生教育管理服务工作，提升毕业班工作成效，2024年9月3日，物信学院本科2021级分专业年段会在物信学院思源厅召开，会议由辅导员苏海姬...
https://wx.fzu.edu.cn/info/1086/1853.htm,物理与信息工程学院新生入学教育思政系列课程【6】——科学道德与学术规范教育,2024-09-03,2024年9月2日下午，物理与信息工程学院研究生新生入学教育系列课程——科学道德与学术规范在旗山校区图书馆博学厅成功举办。此次课程邀请到的主讲嘉宾是物理与信息工程学院副院长李福山老师，2024级全体研究生共400余人参加了此次课程学习。 在课程中，李福山老师首先指出科技...
https://wx.fzu.edu.cn/info/1086/1854.htm,物理与信息工程学院新生入学教育思政系列课程【5】——校规校纪及安全教育,2024-09-03,为帮助我院2024级新生更好地了解学校的规章制度，提高安全防范意识，保障人身财产安全，2024年9月2日，物信学院开展新生入学教育思政系列课程【5】—校规校纪及安全教育。 本次课程由学院安全工作负责人江良煊老师主讲，他详细介绍了福州大学学生管理规定，以高校学生行为准则...
https://wx.fzu.edu.cn/info/1086/1855.htm,物理与信息工程学院新生入学教育思政系列课程【4】——传承“三种”精神，矢志报国成才,2024-09-03,为进一步帮助我院2024级新生了解校史院情，熟悉学校和学院基本情况，增强学生爱校爱院荣誉感，2024年9月2日，物信学院开展新生入学教育思政系列课程【4】—传承“三种”精神，矢志报国成才，本次课程由学院党委副书记郑志刚主讲，课程线上线下同步进行，我院2024级本科和研究生...
https://wx.fzu.edu.cn/info/1086/1856.htm,物理与信息工程学院新生入学教育思政系列课程【3】——适应大学新生活,2024-09-03,为进一步帮助我院2024级本科新生尽快适应大学新环境，引导新生主动关注自身心理健康状况，2024年9月1日，福州大学物理与信息工程学院顺利开展新生入学教育思政系列课程【3】——适应大学新生活。本次课程由福州大学人文社会科学学院应用心理学系蒋苾箐老师主讲。物信学院本科20...
https://wx.fzu.edu.cn/info/1086/1857.htm,物理与信息工程学院新生入学教育思政系列课程【2】——端正入党动机，积极向党组织看齐,2024-09-03,为加强2024级新生思想引领，引导新生积极向党组织靠拢，增强学生对中国特色社会主义的理论认同、政治认同和情感认同，2024年9月1日，物信学院开展新生入学教育思政系列课程【2】——端正入党动机，积极向党组织看齐。本次课程邀请了校党委组织部赵鹏副部长作为主讲嘉宾。在课程...
https://wx.fzu.edu.cn/info/1086/1858.htm,物理与信息工程学院新生入学教育思政系列课程【1】——做一个高‘熵’值的物信学子,2024-09-03,为更好地帮助我院2024级本科新生养成良好的生活习惯，引导学生树立正确的人生观和价值观，尽快适应大学学习与生活，为开启丰富多彩的大学生活与人生的崭新征程做好充足的准备，2024年9月1日，物信学院开展新生入学教育思政系列课程【1】—“做一个高‘熵’值的物信学子”。本次...
https://wx.fzu.edu.cn/info/1086/1859.htm,物信学院本科2023级新学期年级大会圆满召开,2024-08-29,为深入贯彻党的二十届三中全会精神，落实立德树人根本任务，提高学生思想道德修养，强化学生遵规守纪意识和安全防范意识，帮助学生调整状态并合理规划学习生活，推动优良学风段风建设，2024年8月26日，物信学院本科2023级在文科教学楼召开了新学期年级大会，会议由辅导员刘涛、...
https://wx.fzu.edu.cn/info/1086/1860.htm,福州大学副校长卢孝强研究员一行开展访企拓岗促就业专项活动,2024-08-12,为全面深化校地企人才合作，进一步落实学校“访企拓岗”工作部署，促进我院学生高质量充分就业，2024年7月31日下午，福州大学副校长兼物信学院院长卢孝强研究员、物信学院党委魏金明书记、郑志刚副书记一行赴中国铁塔股份有限公司福州分公司和福州光信网络有限公司开展“访企拓...
https://wx.fzu.edu.cn/info/1086/1861.htm,物信学院顺利开展2024年暑期资助育人两行活动,2024-07-19,为进一步宣传贯彻落实党和国家的资助政策，不断提升资助育人工作质量，切实做好家庭经济困难学生的帮扶工作，物信学院于2024年暑假期间前往福建莆田等地开展“资助政策乡村行”、“家校关怀万里行”活动，扎实推进资助育人工作走深走实。2024年7月10日，2023级本科生辅导员刘涛...
https://wx.fzu.edu.cn/info/1086/1862.htm,【暑期社会实践】物信学院“筑梦先肌”博士实践队赴附属省立医院神经外科开展社会实践暨党支部共建,2024-07-14,7月12日，物信学院“筑梦先肌”博士实践队赴附属省立医院神经外科开展临床社会实践。“筑梦先肌”博士实践队以物信学院健康医疗器械国际科技合作基地党支部作为核心班底，全队由三十余名博士生、硕士生组成。此行由物信学院党委委员、党支部书记高跃明研究员带队，社会实践的同...
https://wx.fzu.edu.cn/info/1086/1863.htm,【暑期社会实践】木兰溪畔润心田，学思践悟谱华篇,2024-07-14,为深入贯彻落实习近平总书记治理木兰溪重要理念，发挥青年学生生力军作用，助力莆田绿色高质量发展。七月，福州大学“千古木兰溪，溪畔助农情”实践队来到福建莆田，沿溪重走习总书记治理木兰溪时的道路学习治理精神，深入探访沿线的大型木雕创作非遗项目坚定文化自信，深入基...
https://wx.fzu.edu.cn/info/1086/1864.htm,物信学院部署2024年学生暑期“三下乡”社会实践,2024-07-10,为全面贯彻习近平新时代中国特色社会主义思想，践行习近平总书记关于青年工作的重要思想，引导帮助广大物信学子在社会实践的“大思政课”中“受教育、长才干、做贡献”，争做“有理想、敢担当、能吃苦、肯奋斗”的新时代好青年，物理与信息工程学院自6月起精心部署开展暑期文化...
https://wx.fzu.edu.cn/info/1086/1865.htm,物信学院2023级本科生宿舍搬迁工作顺利完成,2024-07-06,7月5日上午，根据学校统一部署，物信学院开展2023级本科生宿舍搬迁工作。物信学院党委郑志刚副书记到场指导搬迁工作，学院相关辅导员带领相关楼宇兼合党支部成员、楼委会志愿者保障搬迁工作的安全有序进行。 本次搬迁工作涉及694名学生、174间宿舍，从早上六点开始，历经六小时...
https://wx.fzu.edu.cn/info/1086/1866.htm,处级领导干部联系学生社区“面对面”系列活动之铜盘校区1号楼  师生座谈会顺利举行,2024-06-27,为进一步推动领导干部常态化深入学生社区，“面对面”关心学生，及时解决涉及学生思想、学习、生活、发展等实际问题，打造与“双一流”建设相适应的学生社区育人生态，2024年6月24日，处级领导干部联系学生社区“面对面”系列活动之铜盘校区1号楼师生座谈会在铜盘校区“一站式...
https://wx.fzu.edu.cn/info/1086/1867.htm,物信学院顺利召开六月份“一月一‘习’话”——师生理论学习交流会,2024-06-17,2024年6月17日上午，物信学院于105会议室顺利开展“一月一‘习’话”——师生理论学习交流会。此次六月份的理论学习主题为：促进高质量充分就业。物理与信息工程学院党委副书记郑志刚、2020级本科生毕业班辅导员江良煊、伦婉潼以及2020级毕业班全体党支部书记参加了此次座谈会...
https://wx.fzu.edu.cn/info/1086/1868.htm,物信学院顺利开展第50期毕业生党员教育培训班,2024-06-13,为进一步做好毕业生党员教育管理，引导毕业生党员坚定理想信念，增强党性修养，6月11日，物信学院在图书馆博学厅开展第50期毕业生党员教育培训班。学院党委副书记郑志刚、毕业班辅导员及2024届全体毕业生党员参加本次活动，活动由党建辅导员刘媛主持。 培训班上，党委副书记郑...
https://wx.fzu.edu.cn/info/1086/1869.htm,物信学院召开6月份学生党支部书记例会,2024-06-08,2024年6月6日下午，物信学院在祥联厅召开6月学生党支部书记工作例会，学院党委副书记郑志刚、党建辅导员刘媛及全体学生党支部书记参加了本次会议。会议的第一项议程由刘媛老师对物信学院入围福州大学2022～2024学年党支部工作“立项活动”优秀成果、福州大学第五批“三个好”优...
https://wx.fzu.edu.cn/info/1086/1870.htm,物理与信息工程学院2024届毕业班大会顺利举行,2024-06-04,为切实推进2024届毕业季工作的有序进行，6月2日，物理与信息工程学院2024届毕业班大会在图书馆博学厅顺利举行。本次大会由物信学院2020级毕业班辅导员江良煊主讲，院党委郑志刚副书记以及全体毕业班学生参加了此次会议。 会上，江良煊辅导员从毕业生管理工作安排、学院服务工作...
https://wx.fzu.edu.cn/info/1086/1871.htm,物理与信息工程学院法制教育讲座顺利举行,2024-06-04,6月2日上午，物理与信息工程学院在图书馆博学厅举办了法制教育讲座。此次活动邀请到福州市人民检察院检务督导部负责人、一级检察官、福建省青年讲师团讲师林承杰担任主讲，开展题为《不当“张三”：当代大学生守法指南》的专题讲座。此次讲座由院党委郑志刚副书记主持，学院600...
https://wx.fzu.edu.cn/info/1086/1872.htm,学风建设月|物信学院召开2024年微电子系教育教学反馈师生座谈会,2024-06-04,为进一步加强学院学风建设，推动专业教师与学生间的沟通交流，促进专业人才培养质量提升，5月30日下午，物信学院召开了2024年微电子系教育教学反馈师生座谈会。院党委副书记郑志刚、微电子学院副院长魏榕山、微电子系主任施隆照、微电子系教师代表、本科生各年级辅导员及学生代...
https://wx.fzu.edu.cn/info/1086/1873.htm,以案为鉴知敬畏，防微杜渐警钟鸣——物信学院开展党员党纪学习教育参观活动,2024-06-03,为进一步深入学习贯彻习近平总书记的重要讲话和重要指示精神，教育引导党员干部“学纪、知纪、明纪、守纪”，2024年6月1日上午，物理与信息工程学院22号楼楼宇兼合党支部及2021级学生党支部组织党员在福州大学生活区28号党员警示教育展区开展党员党纪学习教育参观活动。参观中...
https://wx.fzu.edu.cn/info/1086/1874.htm,物信学院召开5月份学生党支部书记例会,2024-06-02,2024年5月31日下午，物信学院在思源厅召开5月份学生党支部书记工作例会，学院党委副书记郑志刚、辅导员刘媛老师及全体学生党支部书记参加了会议。会议的第一项议程是对学院学生党员党纪学习教育工作的开展情况进行阶段性总结。首先由刘媛老师对目前学院开展的工作进行汇报，随...
https://wx.fzu.edu.cn/info/1086/1875.htm,物信乒乓健儿苏畅、郑怡珩、林至秦荣获第13届中国大学生阳光体育乒乓球联赛（东南赛区）冠军,2024-06-01,2024年5月17日至20日，第13届中国大学生阳光体育乒乓球联赛（东南赛区）在江苏省南京市南京信息工程大学体育馆举行。通过激烈的竞争角逐，福州大学力克多所强校，最终在决赛中以4比3的比分战胜上海大学，脱颖而出获得第一名的好成绩。其中，物信学院的苏畅同学担任队长，郑怡珩...
https://wx.fzu.edu.cn/info/1086/1876.htm,物信学院开展“党纪学习教育”、“总书记五四青年寄语学习”团干系列宣讲活动,2024-06-01,5月24日，物信学院在健康医疗器械国际合作基地团支部开展两场“团干部上讲台”微团课宣讲活动。活动旨在增强学院广大团员青年的政治意识、大局意识，激发他们为实现中华民族伟大复兴的中国梦贡献青春力量的热情。第一场宣讲活动以“党纪学习教育”为主题，学院团委书记陈山老师...
https://wx.fzu.edu.cn/info/1086/3257.htm,2024年福州大学物信学院“廉洁文化教育宣传月”系列活动圆满召开,2024-05-30,2024年5月，为深入贯彻党的二十大精神，积极响应党中央关于新时代廉洁文化建设的重要号召，福州大学物理与信息工程学院、微电子学院正式启动了“向清风而行，修廉心之德”廉洁文化主题系列活动。此次活动旨在进一步加强学院廉洁文化建设，弘扬廉洁精神，通过举办廉洁作品征集、...
https://wx.fzu.edu.cn/info/1086/1877.htm,物信学院“择己之道，志在千里”出国出境留学交流会顺利举行,2024-05-28,为帮助物信学院学生深入了解留学的准备工作，从中学习到实用的经验和方法，2024年5月24日晚7：00，物理与信息工程学院在福州大学旗山校区生活二区16＃共享活动空间（校学业发展支持中心）成功举办海外升学交流会。此次会议邀请到福州新通教育留学规划经理陈航讲师担任主讲，此...
https://wx.fzu.edu.cn/info/1086/1878.htm,物信学院举行2024年“一站式”社区楼宇兼合党支部工作会议,2024-05-27,为充分发挥学生社区楼宇兼合党支部的战斗堡垒作用，推动我院“一站式”社区学生党建前沿阵地建设，5月25日，我院在生活二区16#共享活动空间举行2024年“一站式”社区楼宇兼合党支部工作会议。学院党委郑志刚副书记出席会议并讲话，学院各楼宇兼合党支部书记、各楼委会主任（楼...
https://wx.fzu.edu.cn/info/1086/1879.htm,物信学院党委郑志刚副书记在学生社区讲授党纪学习教育主题微党课,2024-05-27,为推动党纪学习教育走深走实，把党纪学习教育融入日常、抓在经常，充分发挥“一站式”社区学生党建前沿阵地的重要作用，5月26日，物信学院党委副书记兼纪委书记、社区党校讲师团成员郑志刚在生活二区16#共享活动空间为学院各楼宇兼合党支部书记、各楼委会主任（楼长）带来了一...
https://wx.fzu.edu.cn/info/1086/1880.htm,卢孝强副校长为物信学子讲授专题思政课,2024-05-26,5月24日下午，福州大学副校长、物理与信息工程学院院长卢孝强研究员在旗山校区物信南楼思源厅为物信学子讲授《坚定科技报国理想，为加快实现高水平科技自立自强作贡献》专题思政课。此次专题思政课由物理与信息工程学院党委魏金明书记主持。 课堂上，卢孝强副校长围绕党的二十...
https://wx.fzu.edu.cn/info/1086/1881.htm,物信学院“筑梦”导师工作站《神经形态显示》学术沙龙活动成功举办,2024-05-25,为进一步推动学风建设和育人资源下沉学生社区，拓展学生专业视野，培养学生学术兴趣，5月23日下午，物信学院在生活二区16＃学业发展支持中心成功举办“筑梦”导师工作站《神经形态显示与技术》学术沙龙活动，此次活动特邀福建省“闽江学者”特聘教授陈惠鹏及其博士生张鸿鹏担任...
https://wx.fzu.edu.cn/info/1086/1882.htm,院党委魏金明书记调研指导学院“一站式”学生社区建设工作,2024-05-24,为深入推进“三全育人”综合改革，落实上级教育主管部门和学校关于“一站式”学生社区综合管理模式建设工作要求，持续推进我院学生社区规范化运行，5月23日，院党委魏金明书记前往旗山校区生活二区16#共享活动空间（校学业发展支持中心）、15#活动室专题调研我院“一站式”学生...
https://wx.fzu.edu.cn/info/1086/1883.htm,物信学院开展团干部主题宣讲活动暨基础团务培训会,2024-05-24,2024年5月18日，物理与信息工程学院面向全体团支书开展 “发扬五四精神 做有为青年”主题宣讲暨团务培训会。物信学院团委书记陈山老师、团委副书记苏海姬老师、学生团委副书记李晨曦、汪海明以及全体本硕团支书参加本次会议。会议伊始，团委书记陈山老师紧紧围绕“发扬五四精神...
https://wx.fzu.edu.cn/info/1086/1884.htm,物信学院组织学生党员赴校党史馆开展党纪学习主题教育活动,2024-05-23,为深入学习贯彻习近平总书记关于党纪学习教育重要讲话和重要指示精神，提高学生党员党性修养和纪律意识，切实做到学纪、知纪、明纪、守纪，5月21日上午，物理与信息工程学院2021级学生党支部及22号楼楼宇兼合党支部全体党员前往福州大学党史馆开展党纪学习主题教育活动。走进校...
https://wx.fzu.edu.cn/info/1086/1885.htm,物信学院顺利召开五月份“一月一‘习’话”——师生理论学习交流会,2024-05-18,2024年5月16日晚，物信学院于祥联厅顺利开展“一月一‘习’话”——师生理论学习交流会。此次五月份的理论学习主题为：青春为中国式现代化挺膺担当。物理与信息工程学院党委副书记郑志刚、2020级本科生辅导员伦婉潼及本硕博学生代表共同学习了习近平总书记五四青年节对全国广大...
https://wx.fzu.edu.cn/info/1086/1886.htm,五四特辑2｜2023-2024学年物理与信息工程学院“十佳大学生”,2024-05-15,他们立场坚定，志存高远他们脚踏实地，自强自立他们奋勇争先，不负韶华他们用最昂扬的姿态传递新时代青年的青春正能量他们就是2023-2024学年物理与信息工程学院“十佳大学生”以卓越的组织领导、沟通协调，高度的责任感和集体荣誉感，扎实推进学生工作，服务全院师生，成为连接...
https://wx.fzu.edu.cn/info/1086/1887.htm,五四特辑① 福州大学五四表彰揭晓，物信青年俊脱颖而出！,2024-05-14,激扬青春风采汇聚青春力量物信青年坚定初心使命始终服务发展大局以青春之我、奋斗之我绽放绚丽的青春风采今天让我们共同走进敢想敢做的物信青年故事他们以梦为马，砥砺前行；他们默默耕耘，心系社会；他们立足实地，理想高远；他们在各自的舞台，犹如星辰，熠熠生辉。他们就是...
https://wx.fzu.edu.cn/info/1086/1888.htm,挺膺担当，争创一流——物信学院纪念五四运动105周年暨五四表彰大会隆重举行,2024-05-13,为深入学习贯彻习近平新时代中国特色社会主义思想、弘扬五四精神，5月12日上午，物信学院纪念五四运动105周年暨五四表彰大会在旗山校区图书馆博学厅隆重举行。副校长卢孝强、院党委书记魏金明、微电子学院院长程树英、院党委副书记郑志刚、副院长李福山、微电子学院副院长魏榕...
https://wx.fzu.edu.cn/info/1086/1889.htm,人人讲安全 个个会应急：物信学院举行2024年学生社区消防安全演练暨楼层长安全知识培训,2024-05-11,为深入贯彻落实习近平总书记关于防灾减灾救灾重要论述和党的二十大精神，按照党中央、国务院决策部署，以及国家减灾委员会办公室《关于做好2024年全国防灾减灾日有关工作的通知》要求，为切实做好校园消防安全工作，推动我院学生应急避险安全知识宣传教育，提高学生安全防范意...
https://wx.fzu.edu.cn/info/1086/1890.htm,“我为同学做实事”之系列讲座——聚焦同学需求，服务同学成才,2024-05-11,为全面贯彻党的教育方针，物信学院以“自我管理，自我服务，自我教育，自我完善”为目的，以“全心全意为同学办实事”为宗旨，紧密围绕校院学生工作的重点开展相关工作，切实做好同学利益的忠实维护者，充分发挥学校、学院与广大同学之间的桥梁和纽带的作用，做到从同学中来，...
https://wx.fzu.edu.cn/info/1086/1891.htm,“我为同学做实事”之系列讲座——在校大学生医保使用与日常生活权益维护指南,2024-05-11,大学生活小贴士：医保报销，你真的懂吗？亲爱的同学们，你是否发现自己在生病时，总是手忙脚乱，不知道如何使用医保报销？别担心，你并不孤单！许多同学都面临着同样的困惑，这正是我们今天要解决的问题。我们常常自嘲为“脆皮”，生病去医院可以说是常事。如果不知道怎么用大...
https://wx.fzu.edu.cn/info/1086/1892.htm,学风建设月｜物信学院学风建设大会顺利召开,2024-05-10,为进一步加强学风建设，激发广大学生树立正确学习观，培养自主学习能力，全面推进“学风建设月”活动，全力化解学情分析中存在的主要问题，提升学风建设工作成效，2024年5月9日晚19：00，物信学院于物信南楼思源厅召开2023-2024学年第二学期学风建设大会。本次会议由院党委郑志...
https://wx.fzu.edu.cn/info/1086/1893.htm,择己之道 志在千里——物信学院成功举办考研留学双规划分享会,2024-05-09,为加强物信学院学生对出国留学的认识和了解，拓宽学生就业渠道，2024年5月7日晚，物理与信息工程学院于图书馆博学厅成功举办以“择己之道，志在千里”为主题的考研留学双规划分享会。此次分享会邀请留学规划师江绍楚老师担任主讲。物信学院党委郑志刚副书记、本硕博各年级学生...
https://wx.fzu.edu.cn/info/1086/1894.htm,物信学院举行“礼赞劳动之美，争做有志青年”主题升旗仪式,2024-05-01,为弘扬爱国主义精神，厚植广大学生爱国主义情怀，在五一劳动节即将到来之际，我院于铜盘校区举行“礼赞劳动之美，争做有志青年”主题升旗仪式。 阳光洒落在操场，金色的光芒映照在跑道上。在这庄严和又神圣的时刻，国旗护卫队迈着整齐有力的步伐向着国旗台前进。 随着国歌的奏...
https://wx.fzu.edu.cn/info/1086/1895.htm,物信学院“一月一‘习’话”——师生理论学习交流会  顺利举行,2024-04-30,2024年4月29日，物信学院于祥联厅顺利开展“一月一‘习’话”——师生理论学习交流会。此次四月份的理论学习主题为：两岸青年同心创未来。物理与信息工程学院党委副书记郑志刚、2022级本科生辅导员叶昊、台湾籍学生及各年级本硕博学生代表一起学习了习近平近日就两岸关系发表的...
https://wx.fzu.edu.cn/info/1086/1896.htm,“筑梦”导师工作站|物信学院举办《低温制备全固态薄膜微电池新方案》学术沙龙活动,2024-04-28,4月25日，《低温制备全固态薄膜微电池新方案》学术沙龙活动在旗山校区学生公寓16#一站式社区服务中心举办。本期邀请闽江学者特聘教授王星辉、博士生柯秉渊进社区担任主讲嘉宾，活动由学院党委组织员王明主持。微课堂环节，柯秉渊以《低温制备全固态薄膜微电池新方案》为题，系...
https://wx.fzu.edu.cn/info/1086/1897.htm,物信学院第二十四届科技节系列活动圆满落幕,2024-04-23,物信学院紧紧围绕学科特点和学生专业学习，连续二十四年以大学生科技节为载体，通过举办形式多样的科技活动，不断深化实践育人工作，营造良好的科技文化学习氛围。（一）第二十四届科技节开幕式暨新生课堂2023年10月29日，物信学院第二十四届科技节开幕式在福州大学铜盘校区科...
https://wx.fzu.edu.cn/info/1086/1898.htm,以爱相“髓”，续航希望——我院研究生宋祥成功捐献造血干细胞,2024-04-22,4月22日，24岁的福州大学物信学院硕士研究生宋祥于福建省肿瘤医院成功完成了造血干细胞捐献，成为全省第440位、福州市第119位造血干细胞捐献者，同时也是物信学院首例在读研究生捐献者。他的这份爱心，将会为一位素未谋面的血液病患者及其家庭送去生命的希望。  “其实一开始我...
https://wx.fzu.edu.cn/info/1086/1899.htm,物理与信息工程学院顺利举办2025届考研形势分析与动员大会,2024-04-22,随着国家对于高层次人才的需求日益增长，考研已经成为许多学子提升自身综合素质、拓宽职业发展道路的重要途径。为做好2025届本科生考研服务，帮助学生深入了解考研形势，解决考研路上的困惑，提升学生考研积极性，2024年4月18日，物理与信息工程学院在图书馆博学厅举办2025届考...
https://wx.fzu.edu.cn/info/1086/1900.htm,物信学院“我为同学做实事”系列讲座之《就业学术共同步，学长学姐经验谈》顺利举行,2024-04-22,为了帮助学院广大研究生在学术研究和未来职业发展方面做好充分准备，明确个人发展目标与规划，4月18日物信学院在思源厅成功举办“就业学术共进步，学长学姐经验谈”的主题分享会。本次活动邀请了吴志伟、陈丽娜和吴建鑫三位嘉宾，他们分别从学术成果、参赛经历以及就业心得于大...
https://wx.fzu.edu.cn/info/1086/1901.htm,物信学院召开2024届毕业生就业工作专题会,2024-04-19,为深入贯彻落实党中央、国务院关于做好高校毕业生就业工作的决策部署，抢抓春季关键期，全力推动2024届毕业生实现高质量充分就业，4月18日，物信学院在物信南楼祥联厅召开2024届毕业生就业工作专题会议。学院党委书记魏金明、党委副书记郑志刚和全体辅导员参与会议，会议由党委...
https://wx.fzu.edu.cn/info/1086/1902.htm,“阳春送岗 数智职引”福州大学2024年新一代信息技术类专场校园双选会顺利举行,2024-04-15,为深入贯彻党的二十大精神，认真落实党中央、国务院“稳就业”“保就业”决策部署，抢抓春季就业关键期，4月13日上午，“阳春送岗 数智职引”福州大学2024年新一代信息技术类专场校园双选会在旗山校区晋江楼广场举行。本次双选会由学生工作部（处）主办，物理与信息工程学院、...
https://wx.fzu.edu.cn/info/1086/1903.htm,物信学院召开心理健康教育工作专题会议,2024-04-15,为了全面加强和改进新时代学生心理健康工作，提升心理育人质量，4月11日上午，物信学院在物信南楼祥联厅召开2023-2024学年第二学期学生心理教育工作专题会议，参加本次会议的有学院党委书记魏金明、学院党委副书记郑志刚以及全体专职辅导员。本次会议由郑志刚副书记主持。会议...
https://wx.fzu.edu.cn/info/1086/1904.htm,物信学院研究生会2024年春季培训会暨骨干培训会顺利举办,2024-04-15,4月12日，物理与信息工程学院2024年春季培训会暨骨干培训会在物信学院105会议室顺利举行。此次培训会旨在深入学习共青团中央、全国学联《关于巩固高校学生会（研究生会）改革成果的若干措施》文件精神，贯彻落实福建省学联研究生会工作要求，进一步推动学院研究生会建设与发展...
https://wx.fzu.edu.cn/info/1086/1905.htm,春季启航，共创未来|物信学院顺利开展学生会骨干培训,2024-04-15,为深入贯彻党的二十大精神，提高团员青年和学生骨干思想政治素质和能力本领，打造一支思想素质过硬、工作作风扎实、实践能力突出的学生干部队伍，4月12日晚，物信学院学生会骨干春季培训班——“如何成为一名合格的学生骨干”于物信南楼思源厅顺利开展。本次培训的主讲人为福州...
https://wx.fzu.edu.cn/info/1086/1906.htm,物信学院成功举办“学思践悟新思想，砥砺奋进建新功”微党课比赛,2024-04-12,为推动全院师生党支部和广大党员持续深入学习贯彻习近平新时代中国特色社会主义思想，引导师生党员坚持用党的创新理论武装头脑、指导实践、推动工作，4月11日下午，物信学院在思源厅举办“学思践悟新思想，砥砺奋进建新功”微党课大赛。本次比赛邀请校党委组织部赵艳莉老师、校...
https://wx.fzu.edu.cn/info/1086/1907.htm,物信学院召开四月份党支部书记例会,2024-04-12,2024年4月11日下午，物信学院在思源厅召开4月份党支部书记工作例会，学院党委魏金明书记、郑志刚副书记及全院师生党支部书记参加了会议。会议首先传达学习陈国龙书记在福州大学2024年全面从严治党工作会上的讲话精神，魏金明书记强调，全院师生党支部、党员干部要深入学习讲话...
https://wx.fzu.edu.cn/info/1086/1908.htm,感悟传统文化，传承民族精神继——物信学院青马班清明节劳动教育实践活动顺利开展,2024-04-02,又是一年清明际，又是追思纪念时。为传承和弘扬中华民族优秀传统文化，充分发挥传统节日思想熏陶和文化教育功能，3月30日，我院组织青马班成员于福州大学旗山校区海棠园开展“青团制作”清明节劳动教育实践。活动伊始，师傅为同学们讲述清明节与青团的由来，并亲自示范青团的制...
https://wx.fzu.edu.cn/info/1086/1909.htm,物信学院顺利召开3月份“一月一主题”师生理论学习交流会,2024-03-29,为了深入学习贯彻2024年全国两会精神以及习近平总书记关于发展新质生产力的重要论述，深刻理解“新质生产力”的重要内涵，3月28日下午，物理与信息工程学院在祥联厅召开了3月份的“一月一主题”师生理论学习交流会。学院党委副书记郑志刚、2023级本科生辅导员周蓉芳及本硕博各...
https://wx.fzu.edu.cn/info/1086/1910.htm,物信学院党校第48期党支部书记培训班正式开班,2024-03-27,2024年3月26日下午，物信学院党校第48期党支部书记培训班在思源厅正式开班。培训班首讲邀请学生处柯江锋副处长作“如何写好支部立项和‘三个好’优秀成果”专题培训。物信学院党委副书记郑志刚、全体思政辅导员、全院师生党支部书记共80余人参加学习。柯江锋副处长结合具体实际...
https://wx.fzu.edu.cn/info/1086/1911.htm,物理与信息工程学院“径行‘职’遂，筑梦未来”基层就业经验交流会暨学院青马班第15期培训班顺利举行,2024-03-27,为深入贯彻落实党中央、国务院关于做好高校毕业生就业工作的系列决策部署，帮助毕业生切实了解基层就业的相关政策和工作内容，引导学生积极投身基层实践，推动毕业生更高质量更加充分就业，3月24日上午，物理与信息工程学院在图书馆明德厅举办“径行’职’遂，筑梦未来“基层就...
https://wx.fzu.edu.cn/info/1086/1912.htm,物信学院《名师论道》第十四期暨“青马工程”学生骨干培训班--理工科院校美育漫谈顺利开展,2024-03-25,为深入学习贯彻党的二十大精神，落实立德树人根本任务，弘扬中华美育精神，坚定文化自信，培养德智体美劳全面发展的社会主义建设者和接班人，3月21日下午，物理与信息工程学院《名师论道》第十四期暨“青马工程”学生骨干培训班在图书馆博学厅顺利举行。本次活动邀请我校原党委...
https://wx.fzu.edu.cn/info/1086/1913.htm,物信学院举办“面向未来应用的高分辨率显示技术”学术沙龙活动,2024-03-22,为深入推进“三全育人”综合改革建设，充分发挥“一站式”学生社区的育人阵地作用，把思政教育有机融入专业教育，将科研探索启蒙引入社区，物理与信息工程学院于3月21日在16号楼学业发展支持中心举办“筑梦”导师工作站2024年第一期主题沙龙活动。本次活动邀请物理与信息工程学...
https://wx.fzu.edu.cn/info/1086/1914.htm,喜报！我院在福州大学2024年关工委工作会议暨表彰会议中荣获六项殊荣,2024-03-19,在2023年度福州大学关工委工作总结与表彰活动中，我院荣获六项重要奖项。其中，我院获评五好关工委典型示范建设单位，我院关工委获评宣传工作先进单位，党委副书记郑志刚获评关工委优秀党务领导，团委书记陈山获评关工委优秀秘书长，3名学生获宣传工作先进个人，获评十佳推文一...
https://wx.fzu.edu.cn/info/1086/1915.htm,共青团福州大学物理与信息工程学院第二次代表大会顺利召开,2024-03-11,为进一步加强学院团组织建设，切实发挥团组织凝聚青年、培养青年的作用，经共青团福州大学委员会同意，2024年3月9日上午，共青团福州大学物理与信息工程学院在明德厅召开了第二次团员代表大会。大会选举产生了共青团福州大学物理与信息工程学院第二届委员会委员，审议通过了第...
https://wx.fzu.edu.cn/info/1086/1916.htm,物理与信息工程学院与清华大学电子工程系、马克思主义学院博士生赴福建社会实践队交流共建,2024-02-01,1月31日，福州大学与物理与信息工程学院师生代表与清华大学电子工程系、马克思主义学院博士生赴福建社会实践队进行交流共建。清华大学博士生实践团先后参观了学院福建省媒体信息智能处理与无线传输重点实验室、无线智能收发与感知实验室、数字电视智能化技术国家地方联合工程研...
https://wx.fzu.edu.cn/info/1086/1917.htm,探寻乡村振兴脉络，践行乡村文明新风 ——福州大学中国科协“翱翔之翼”大学生科技志愿服务实践队走进三明、福州等地,2024-02-01,为深入学习贯彻习近平文化思想，推进“存正心、守正道、养正气”拓展新风正气福建“名片”践行活动，1月下旬，福州大学“筑梦先肌”守望乡村文明实践队走进三明、福州等地，追寻领袖足迹、赓续福建乡村文脉。实践队依托中国科协“翱翔之翼”大学生科技志愿服务项目，由物理与信...
https://wx.fzu.edu.cn/info/1086/1918.htm,访企拓岗不断线，精准服务促就业,2024-01-31,根据《教育部关于开展“寒假促就业暖心行动”的通知》要求，物理与信息工程学院充分利用寒假窗口期扎实开展“寒假促就业暖心行动”，通过开展访企拓岗进一步促进校企供需对接，为2024届毕业生及往届离校未就业毕业生提供贴心暖心的就业服务。2024年1月30日，学院党委书记魏金明...
https://wx.fzu.edu.cn/info/1086/1919.htm,家访传真情，资助暖人心——物信学院寒假顺利开展资助育人活动,2024-01-31,为切实做好家庭经济困难学生帮扶工作，更好地宣传和落实国家资助政策，帮助大学生成长成才，物理与信息工程学院于2024年1月寒假期间开展“资助政策乡村行”、“家校关怀万里行”活动，扎实做好资助育人工作。1月19日，我院党委副书记郑志刚、2022级本科生辅导员刘媛和叶昊前往...
https://wx.fzu.edu.cn/info/1086/1920.htm,【教育教学思想与综合改革大讨论】物信学院召开学生创新创业创造教育专题研讨会,2024-01-18,为深入开展教育教学思想与综合改革大讨论，全面提升人才培养质量，1月17日下午，物信学院召开学生创新创业创造教育专题研讨会。校教务处副处长、副院长夏岩，院党委副书记郑志刚，各系主任，各实验中心主任，全体辅导员参加了会议。会上，互联网+、挑战杯、电子设计竞赛、研究...
https://wx.fzu.edu.cn/info/1086/1921.htm,物理与信息工程学院2023年毕业生就业工作总结暨2024年就业工作推进会顺利举行,2024-01-14,为贯彻落实2024届全国普通高校毕业生就业创业工作视频会议精神和福建省委省政府工作要求，进一步推进2024届毕业生就业创业工作，1月12日，物信学院在物信南楼祥联厅召开2024届就业工作推进会。物信学院党政领导、各系主任、毕业班辅导员出席本次会议。首先，院党委副书记郑志刚...
https://wx.fzu.edu.cn/info/1086/1922.htm,物信学院义务维修队团支部顺利开展团员和青年主题教育组织生活会,2024-01-10,根据面向广大团员和青年开展学习贯彻习近平新时代中国特色社会主义思想主题教育的总体部署，1月9日晚，物信学院义务维修队团支部顺利举行团员和青年主题教育组织生活会，团支部指导老师、物信学院团委书记陈山到会指导。       团支部召开专题组织生活会会前，团支部在支委会成...
https://wx.fzu.edu.cn/info/1086/1923.htm,【教育教学思想与综合改革大讨论】物信学院召开学生党建与思想政治教育工作专题研讨交流会,2024-01-10,按照学院教育教学思想与综合改革大讨论工作总体安排，1月9日下午，物信学院在物信南楼祥联厅召开学生党建与思想政治教育工作专题研讨交流会。学院全体辅导员参加了会议，学院党委主要领导出席了会议。会议由院党委副书记郑志刚主持。会上，各位辅导员紧紧围绕2023年学生党建工...
https://wx.fzu.edu.cn/info/1086/1924.htm,后勤管理处陈伟民处长一行莅临我院调研指导学生社区建设工作,2024-01-08,2024年1月5日上午，后勤管理处陈伟民处长一行深入学生社区16号楼现场调研指导我院牵头承建的校学业发展支持中心建设工作。物信学院党委郑志刚副书记、后勤处相关科室人员、物信学院学生社区建设相关辅导员随同调研。 调研过程中，陈伟民处长详细了解我院牵头承建的校学业发展支...
https://wx.fzu.edu.cn/info/1086/1925.htm,物信学院举行“书记面对面”师生座谈会,2024-01-04,为打通服务学生“最后一公里”，架起师生“连心桥”，帮助我院大一新生更好地适应大学生活，解决学生在学习、工作、生活中的困难事、烦心事和关切事，2024年1月3日下午，我院于铜盘校区举行“书记面对面”师生座谈会。物信学院党委魏金明书记出席座谈会并讲话，2023级本科生辅...
https://wx.fzu.edu.cn/info/1086/1926.htm,福州大学第一届物理学术竞赛圆满落幕,2024-01-03,为提高校园物理学术讨论氛围，提高大学生综合运用所学物理知识分析解决实际问题的能力，促进发散性思维，培养科研素质，物理与信息工程学院举办福州大学第一届物理学术竞赛。本次赛事共吸引到全校来自不同学院的800余名同学参与，最终19名同学成功进入决赛。 赛前参赛人员及工...
https://wx.fzu.edu.cn/info/1086/1927.htm,处级领导干部联系学生社区——图书馆领导深入学生社区15号楼开展专题调研,2024-01-03,为推进“一站式”学生社区综合管理，将学生社区打造成学生党建前沿阵地，为学生提供一个温馨、充满书香的学习环境，2023年12月29日，图书馆领导深入旗山校区至诚苑15号楼开展专题调研。旗山校区15号楼楼宇总指导员、图书馆馆长刘敏榕，15号楼一、二、三层楼指导员、图书馆副馆...
https://wx.fzu.edu.cn/info/1086/1928.htm,物理与信息工程学院毕业职业技能培训第一讲之《简历撰写与修改》讨论圆满结束,2023-12-28,为深入贯彻党中央、国务院和福建省委、省政府“六稳”“六保”决策部署，进一步完善高校就业促进、支持和保障体系，物理与信息工学院开展2024届毕业生职业技能培训第一讲《简历撰写与修改》。讲座由我院院友、中国联通福建分公司人力资源部（组织部）规划与用工高级主管陈幼青...
https://wx.fzu.edu.cn/info/1086/1929.htm,处级领导干部联系学生社区面对面——暨旗山校区22号楼师生座谈会圆满结束,2023-12-28,为将学生社区打造成党建前沿阵地、“三全育人”实践园地、智慧服务创新基地、平安校园样板高地，推动领导干部常态化深入学生社区“面对面”关心学生，增强学生社区思想政治工作的渗透力、亲和力与实效性，2023年12月27日下午，处级领导干部联系学生社区面对面——暨旗山校区22...
https://wx.fzu.edu.cn/info/1086/1930.htm,处级领导干部联系学生社区面对面——暨62号楼楼宇学生代表座谈会圆满结束,2023-12-28,为深入学习贯彻党的二十大精神，推进学院“一站式”学生社区综合管理模式建设，进一步拓宽与学生的沟通渠道，了解学生思想动态和生活学习情况，听取学生心声和建议，12月26日，62号楼楼宇兼合党支部于福州大学学生社区62号楼3楼活动室开展处级领导干部联系学生社区面对面——暨...
https://wx.fzu.edu.cn/info/1086/1931.htm,物信学院健康医疗器械国际科技合作基地开展“翱翔之翼”大学生科技志愿服务活动,2023-12-26,为深入树立先进典型，强化党员先锋模范带头作用，引领大学生积极投身科技志愿服务事业，应中国科学技术协会的号召，福州大学物理与信息工程学院健康医疗器械国际科技合作基地于12月17日在左海·2023福州马拉松赛事上开展“翱翔之翼”大学生科技志愿服务活动。活动中，志愿者们向...
https://wx.fzu.edu.cn/info/1086/1932.htm,处级领导干部联系学生社区面对面——暨铜盘校区2号楼师生座谈会圆满结束,2023-12-22,为加强“一站式”学生社区综合管理模式建设，促进领导干部常态化深入学生社区，及时了解并解决学生在思想、学习、生活上遇到的“急难愁盼”问题，2023年12月21日，处级领导干部联系学生社区面对面——暨铜盘校区2号楼师生座谈会在铜盘校区学生生活区会议室举行。铜盘2号楼楼宇...
https://wx.fzu.edu.cn/info/1086/1933.htm,处级领导干部联系学生社区面对面——暨铜盘校区1号楼师生座谈会圆满结束,2023-12-19,为进一步推动领导干部常态化深入学生社区，把本部门（单位）的育人资源下沉社区，“面对面”关心学生，及时解决涉及学生思想、学习、生活、发展等实际问题，增强学生社区思想政治工作的渗透力、亲和力与实效性，2023年12月18日，处级领导干部联系学生社区面对面——暨铜盘校区1...
https://wx.fzu.edu.cn/info/1086/1934.htm,处级领导干部联系物信学院学生社区面对面——暨59号楼楼宇学生代表座谈会圆满结束,2023-12-15,为解决59号楼社区楼宇学生“急难愁盼”问题，强化社区学生党建工作抓手，发挥“一站式”学生社区的育人作用，塑造学院“一流”育人生态，12月14日，59号楼楼宇兼合党支部于福州大学学生社区59号楼5楼活动室开展处级领导干部联系物信学院学生社区面对面——暨59号楼楼宇学生代表...
https://wx.fzu.edu.cn/info/1086/1935.htm,快看！物信学院师生原创歌曲《韶年之途》正式亮相,2023-12-13,为了进一步加强和推动校园网络文化建设工作，增强新时代高校思想政治工作的吸引力和实效性，物理与信息工程学院推出原创校园歌曲MV《韶年之途》，引导我院青年学生积极参与网络文化建设，推动社会主义核心价值观网络传播与弘扬，唱响网络主旋律，传递网上正能量。《韶年之途》...
https://wx.fzu.edu.cn/info/1086/1936.htm,物信学院青马班联动基层团支部“领学共舞 青春向党”交流学习系列活动顺利开展,2023-12-13,团员和青年主题教育启动以来，福州大学物理与信息工程学院党委高度重视，为更好地引领青年大学生学习和感悟党的思想与精神，引导团员和青年认真学习领会新时代中国特色社会主义思想传承红色基因，赓续红色血脉，学院青马班联动基层团支部开展“领学共舞 青春向党”交流学习系列...
https://wx.fzu.edu.cn/info/1086/1937.htm,物理与信息工程学院“理想引领科技创新，信仰铸就强国复兴”主题团课顺利开讲,2023-12-13,2023年12月4日，物理与信息工程学院在旗山校区物信楼思源厅召开主题团课。本期团课由院团委书记陈山老师主讲，全体两委学生参加学习。在主题团课上，陈山老师以近期热点话题搭载华为自主研发芯片的Mate 60手机为例引出本次团课主题，他强调，理想是科技创新的旗帜、信仰是强国...
https://wx.fzu.edu.cn/info/1086/1938.htm,物理与信息工程学院举办第十八届“挑战杯”竞赛决赛视频观看暨第三期学生干部培训班,2023-12-05,为增强学生干部创新能力，鼓励学生干部“崇尚科学、追求真知、勤奋学习、锐意创新、迎接挑战”，2023年11月21日晚，福州大学物理信息工程学院组织学生干部在铜盘校区和旗山校区收看第十八届“挑战杯”竞赛终审决-赛现场精彩回顾视频。铜盘校区观看第十八届“挑战杯”竞赛终审决...
https://wx.fzu.edu.cn/info/1086/1939.htm,《全球臭氧破坏和全球变暖的观测和理论新进展》学术报告顺利举行,2023-12-04,2023年11月30日，由物理与信息工程学院、环境与安全工程学院和化学学院主办的《全球臭氧破坏和全球变暖的观测和理论新进展》的学术报告在旗山校区图书馆博学厅顺利举行。本次报告的主讲嘉宾为物信学院82级物理与无线电系校友、加拿大滑铁卢大学卢庆斌教授。本次报告由福州大学...
https://wx.fzu.edu.cn/info/1086/1940.htm,物信学院成功举办“华为2024届应届生招聘岗位推介会”,2023-11-30,11月30日晚，物理与信息工程学院在物信南楼思源厅成功举办了“华为2024届应届生招聘岗位推介会”。本次推介会专为研发岗位设立，吸引了200多名2024届本硕应届毕业生参加。 活动开始，招调平台部长首先上台对华为公司进行了全面介绍。他详述了华为的企业文化、发展战略以及人才...
https://wx.fzu.edu.cn/info/1086/1941.htm,物理与信息工程学院举办福州大学处级干部联系学生社区工作会议暨楼宇兼合党支部授牌仪式,2023-11-30,为打造“三全育人”综合改革的新阵地新模式，充分发挥学生社区楼宇兼合党支部的战斗堡垒作用，物理与信息工程学院于11月28日在物信南楼祥联厅举行福州大学处级干部联系学生社区工作会议暨楼宇兼合党支部授牌仪式。校纪委（监察专员办公室）、保卫部（人民武装部）、基建管理处...
https://wx.fzu.edu.cn/info/1086/1942.htm,物理与信息工程学院处级领导干部联系学生社区面对面——暨“我”与祖国双向奔赴师生座谈会圆满结束,2023-11-30,为进一步推动理想信念教育常态化制度化，增强学生爱国荣校情怀，同时切实做好2024届毕业生就业工作，鼓励毕业生奔赴祖国最需要的地方建功立业，物理与信息工程学院于11月28日下午在福州大学学生社区至诚苑B区16号楼2楼活动室开展处级领导干部联系学生社区面对面——暨“我”与...
https://wx.fzu.edu.cn/info/1086/1943.htm,物信学院积极备战“挑战杯”大学生创业计划竞赛,2023-11-29,科技是国家强盛之基，创新是民族进步之魂。为保障我院“挑战杯”大学生创业计划竞赛备赛工作顺利开展，自2023年9月起，我院积极组织动员，举办了团员创新意识教育、“挑战杯”通识科普、“挑战杯”特等奖团队代表经验分享等“三创”教育讲座10余场；挖掘院内优秀学生作品参与比...
https://wx.fzu.edu.cn/info/1086/1944.htm,物理与信息工程学院“六十五载梦激昂，‘新’光璀璨照徵途”2023级迎新晚会圆满落幕,2023-11-29,11月26日晚，物理与信息工程学院“六十五载梦激昂，‘新’光璀璨照徵途”2023级迎新晚会于铜盘校区操场隆重举行，本次晚会由机械工程及自动化学院、土木工程学院、计算机与大数据学院、软件学院与我院联合举办。迎新晚会上，节目丰富多彩，有悦耳动听的独唱和歌曲串烧，也有Rap...
https://wx.fzu.edu.cn/info/1086/1945.htm,物信学院团委学生会干部培训班第二期顺利开展,2023-11-29,为加强学生干部队伍建设，提升综合素质和执行能力，物理与信息工程学院学生会干部培训班第二期于11月29日在物信学院一站式社区16#2楼活动室顺利开展。会议由物信学院学生会主席团成员王钧同学主讲，全体学生会干部参会学习。本次培训主要围绕学生干部的组织策划能力和时间规划...
https://wx.fzu.edu.cn/info/1086/1946.htm,物理与信息工程学院召开2024届考研冲刺誓师暨诚信考试教育大会,2023-11-27,为贯彻落实习近平总书记关于做好高校毕业生就业工作的重要指示精神，进一步加强学风建设，增强毕业生考研信心，2023年11月23日，物信学院在教学楼东二-100召开2024届考研冲刺誓师暨诚信考试教育大会。物信学院党委副书记郑志刚老师，校团委谢俊慧老师，2020级辅导员江良煊老师...
https://wx.fzu.edu.cn/info/1086/1947.htm,物理与信息工程学院2023级光电01班顺利开展“爱国荣校”主题班会,2023-11-27,为弘扬爱国主义精神，唱响爱国主义主旋律，引导全班同学树立和坚持正确的历史观、民族观、国家观和文化观，物理与信息工程学院23级光电一班在11月24日以“爱国荣校”为主题，在福州大学铜盘校区b栋408教室开展了此次班会。班会伊始，首先，全班同学统一观看了电影《我爱我的祖...
https://wx.fzu.edu.cn/info/1086/1948.htm,物理与信息工程学院2023级集成电路设计与集成系统02班“爱国荣校”主题班会顺利开展,2023-11-27,为激发同学们的爱国热情，增强同学们的荣校情怀，福州大学物理与信息工程学院2023级集成电路设计与集成系统2班于11月24日下午在铜盘校区A314教室开展了“爱国荣校”主题班会。此次班会由团支书陈佳君主持，2023级集成电路设计与集成系统2班全体同学参加。首先，班级开展了主题...
https://wx.fzu.edu.cn/info/1086/1949.htm,学生工作部（处）政工干部联系我院新生班级座谈会顺利举行,2023-11-27,学生工作部（处）政工干部联系我院新生班级座谈会顺利举行为帮助2023级新生更快更好地适应大学生活，进一步提升“三全育人”的针对性和实效性，充分发挥政工干部在思想引导方面的优势，2023年11月23日下午，学生工作部（处）政工干部联系我院新生班级座谈会在铜盘校区顺利举行...
https://wx.fzu.edu.cn/info/1086/1950.htm,“百年壮阔佳话传 青春领航绘新篇”主题团课顺利开展,2023-11-21,2023年11月17日，物理与信息工程学院在铜盘校区A502教室召开主题团课。本期团课由院团委副书记苏海姬老师主讲，2023级本科生全体团员参加。在主题团课上，苏海姬老师首先向同学们对中国共产主义青年团做简要的介绍，带领大家回顾了共青团的百年历程。她强调，共青团百年历程不...
https://wx.fzu.edu.cn/info/1086/1951.htm,物理与信息工程学院成功举办“我的求学路”经验分享报告,2023-11-16,为进一步推动学院学风建设，加强朋辈引领，帮助学生对专业方向以及保研、竞赛等方面有更深入的了解和规划。11月15日，物理与信息工程学院邀请2023届优秀毕业生、光电信息科学与工程的张翔同学做题为《我的求学路——光电专业就读、竞赛、毕业、就业，升学情况及经验分享》的报...
https://wx.fzu.edu.cn/info/1086/1952.htm,物理与信息工程学院顺利举办“生命守门员”培训班,2023-11-15,为加强学院心理健康教育，引导学生群体关注心理健康，提升“生命守门员”的业务水平，建立心理健康宣传保健及危机干预网络，11月13日，物理与信息工程学院心理与健康发展中心在铜盘校区科报厅B举办“心若向阳，次第花开”生命守门员培训班。本次活动邀请校心理健康教育与辅导中...
https://wx.fzu.edu.cn/info/1086/1953.htm,物信学院团委学生会干部培训班第一期顺利开展,2023-11-15,为深入学习贯彻习近平新时代中国特色社会主义思想，强化学生干部的思想意识，确保学生干部各项工作的高效进行，打造一支思想政治素质硬、管理水平高、业务能力强的学生干部队伍，11月7日晚，物理与信息工程学院团委学生会干部培训班第一期于物信南楼思源厅顺利开展。会议由学院...
https://wx.fzu.edu.cn/info/1086/1954.htm,物理与信息工程学院2023级本科生举行升旗仪式,2023-11-14,为了弘扬爱国主义精神与民族精神，厚植家国情怀，11月13日上午，物理与信息工程学院在福州大学铜盘校区举行了庄严的升旗仪式。本次升旗仪式由杨东升同学主持，2023级本科生辅导员刘涛老师、周蓉芳老师和2023级全体新生参加了本次仪式。国旗护卫队昂首挺胸，手持鲜艳的五星红旗...
https://wx.fzu.edu.cn/info/1086/1955.htm,物理与信息工程学院在福州大学第52届田径运动会喜获佳绩,2023-11-14,11月11日，福州大学第52届田径运动会顺利闭幕。在历时三天的运动会中，物理与信息工程学院获得了体育道德风尚奖、学生团体总分第二名、男子学生甲组团体总分第二名、女子学生甲组团体总分第三名、振奋杯第四名等多项荣誉。本次运动会学院总共选派了45名学生运动员参加比赛。在...
https://wx.fzu.edu.cn/info/1086/1956.htm,“画好同心圆，待石榴花开” ——物理与信息工程学院“铸牢中华民族共同体意识”师生座谈会顺利举行,2023-11-12,11月8日下午，福州大学物理与信息工程学院在祥联厅召开“画好同心圆，待石榴花开”为主题的“铸牢中华民族共同体意识”师生座谈会。物理与信息工程学院党委副书记郑志刚、2020级本科生辅导员江良煊老师、2023级本科生辅导员刘涛老师、2023级研究生辅导员吴雨桐老师及12名各民族...
https://wx.fzu.edu.cn/info/1086/1957.htm,创造福大历史！物信学院获第十八届“挑战杯”全国大学生课外学术科技作品竞赛主体赛特等奖！,2023-11-03,在10月30日闭幕的第十八届“挑战杯”全国大学生课外学术科技作品竞赛中，物信学院《基于超高分辨率显示的高效新型黑矩阵研究》项目荣获主体赛特等奖，这是福州大学理工学科作品在“挑战杯”全国大学生课外学术科技作品竞赛主体赛中首获特等奖，实现历史性突破!此外，在本届挑...
https://wx.fzu.edu.cn/info/1086/1958.htm,物理与信息工程学院成功举办2023海上丝绸之路国际产学研用合作会议福州大学65周年校庆专场《新一代信息技术前沿论坛》,2023-10-31,2023年10月27日至28日，2023海上丝绸之路国际产学研用合作会议福州大学65周年校庆专场——《新一代信息技术前沿论坛》在福州大学旗山校区物信南楼思源厅和国家大学科技园阳光楼一楼报告厅分别举行。论坛以“聚焦新一代信息技术学科建设与专业发展，加强国际产学研用合作”为主...
https://wx.fzu.edu.cn/info/1086/1959.htm,物理与信息工程学院建院65周年高质量发展座谈会暨校企捐赠及合作签约仪式顺利举行,2023-10-30,2023年10月28日下午，福州大学物理与信息工程学院建院65周年高质量发展座谈会暨校企捐赠及合作签约仪式在物信南楼祥联厅举行。出席会议的有应邀参加建校65周年校庆活动的各位校友代表、捐赠合作企业代表、学院党政领导、师生代表等近40余人。会议由院党委副书记郑志刚主持。会...
https://wx.fzu.edu.cn/info/1086/1960.htm,物理与信息工程学院举办献礼六十五周年校庆专属创意书签发布仪式,2023-10-28,10月27日下午，物理与信息工程学院献礼65周年校庆专属创意书签发布仪式于在物信南楼祥联厅举行。福州大学党委常委、组织部部长黄阿火，福州大学党委宣传部部长施卫华，福州大学校友办主任、校友会会长程玉敏，福州大学校友办副主任、教育发展基金会理事长兰荣嵩，物信学院党委...
https://wx.fzu.edu.cn/info/1086/1961.htm,物理与信息工程学院2020级本科生就业工作会议顺利举行,2023-10-17,秋招之际，为提升我院学生在求职过程中的竞争力，物理与信息工程学院辅导员江良煊老师于10月17日晚上在物信学院111思源厅召开了“2020级就业工作会议”。本次会议主要围绕就业形式分析、就业协议签订以及求职技能培训等方面展开。 在会议中，江良煊老师首先向学生们分析了当今...
https://wx.fzu.edu.cn/info/1086/1962.htm,物信学院召开两岸融合发展师生代表学习交流会,2023-10-13,10月11日，物理与信息工程学院在物信南楼217召开“两岸一家亲 共话新未来”座谈会。院党委书记魏金明、院长卢孝强、院党委副书记郑志刚、院长助理张海忠、台湾籍教师王量弘、沈坤庆以及台湾籍学生、各年级本硕博学生代表在会上一起学习了《中共中央国务院关于支持福建探索海峡...
https://wx.fzu.edu.cn/info/1086/1963.htm,【关工委】【青马工程】弘扬东风精神，庚续红色血脉——校关工委常务副主任陈少平莅临物信学院《名师论道》论坛,2023-10-10,2023年9月28日，为学习贯彻党的二十大精神，引导青年学子继承艰苦奋斗的革命传统，物理与信息工程学院特邀校关工委常务副主任陈少平研究员开展《弘扬东风精神，庚续红色血脉》主题讲座暨《名师论道》论坛第十三期，讲座由院党委郑志刚副书记主持。东风精神是钱学森、钱三强、邓...
https://wx.fzu.edu.cn/info/1086/1964.htm,新生开学典礼|金秋“来福”，于“物”启征途,2023-09-22,金秋送爽，丹桂飘香。2023年9月22日，福州大学物理与信息工程学院、微电子学院2023级本科生开学典礼于铜盘校区田径场隆重举行。院党委书记魏金明教授、院长卢孝强研究员、微电子学院院长程树英教授、院党委郑志刚副书记、副院长李福山研究员、副院长夏岩教授、微电子学院副院长...
https://wx.fzu.edu.cn/info/1086/1965.htm,我院“实践归来话成长”暑期三下乡实践成果分享会圆满成功！,2023-09-19,2023年9月18日，我院在福州大学铜盘校区科报厅B举行暑期“三下乡”社会实践成果分享会。物信学院团委书记陈山老师、团委副书记苏海姬老师、辅导员刘涛老师、周蓉芳老师及2023级本科新生参与本次分享会。本次分享会分三个环节。青年志愿者协会的李梓豪和义务维修队的林怡...
https://wx.fzu.edu.cn/info/1086/1966.htm,我院顺利召开2022-2023学年本科生班主任汇报考核会,2023-09-14,2023年9月14日下午，物理与信息工程学院、微电子学院2022-2023学年本科生班主任述职考核暨第五届优秀班主任评选工作于思源厅顺利开展。物信学院党委魏金明书记、郑志刚副书记、团委副书记苏海姬、2021级本科生辅导员方德汕老师、2022级本科生辅导员刘媛老师、叶昊老师以及来自2...
https://wx.fzu.edu.cn/info/1086/1967.htm,【2023级新生入学思政课程（十一）】物信学院开展2023级新生创新创业启蒙专题讲座,2023-09-14,为培养我院2023级新生的创新思维和创新意识，提升同学们的创新创业能力，了解创新创业相关赛事基本情况，2023年9月5日，我院在铜盘校区举办新生团员“三创”意识培养暨“挑战杯”通识教育专题讲座，本次讲座邀请校团委谢俊慧老师主讲，线上线下同步开展讲座。讲座伊始，谢俊慧...
https://wx.fzu.edu.cn/info/1086/1968.htm,主题教育——魏金明书记参加电子专业研究生第一党支部组织生活会,2023-09-11,根据学院党委部署要求，9月9日，电子专业研究生第一党支部在科技园阳光楼北713召开学习贯彻习近平新时代中国特色社会主义思想主题教育专题组织生活会，学院党委魏金明书记参会并进行指导。电子专业研究生第一党支部书记郑志江报告了4月以来支部主题教育开展情况和此次专题组织...
https://wx.fzu.edu.cn/info/1086/1969.htm,物信学院举行2023级研究生新生开学典礼暨开学第一课,2023-09-10,丹桂飘香，缙云含翠，2023年9月9日上午，物理与信息工程学院、微电子学院2023级研究生新生开学典礼在旗山校区模拟法庭举行。院党委书记魏金明教授、院长卢孝强研究员、微电子学院院长程树英教授、院党委郑志刚副书记、副院长李福山研究员、副院长夏岩教授、微电子学院副院长魏...
https://wx.fzu.edu.cn/info/1086/1970.htm,研究生新生教育——物信学院举行实验室安全教育讲座,2023-09-10,为深入学习党的二十大关于坚定不移贯彻总体国家安全观的要求，进一步提高研究生安全意识，筑牢校园安全防线，2023年9月9日，物信学院在福州大学旗山校区模拟法庭开展“警钟长鸣，将实验室安全铭记于心”实验室安全教育讲座，本次讲座由物信学院党委郑志刚副书记主讲。         ...
https://wx.fzu.edu.cn/info/1086/1971.htm,我院召开“院领导与2023级新生面对面”交流座谈会,2023-09-08,为了解新生入学后各方面情况，帮助新生更快的适应大学生活，9月6日下午，物信学院召开了“院领导与2023级新生面对面”交流座谈会。出席本次会议的有学院党委副书记郑志刚、2023级辅导员以及新生代表。在座谈会上，郑志刚书记首先对远道而来的新生们表示了热烈的欢迎。随后，...
https://wx.fzu.edu.cn/info/1086/1972.htm,研究生新生入学教育——物信学院举行2023级研究生新生科学道德与学术规范教育讲座,2023-09-08,2023年9月5日上午，物理与信息工程学院研究生新生入学教育课程系列——“科学道德与学术规范”教育专题讲座在旗山校区图书馆博学厅成功举办。此次讲座邀请到的主讲嘉宾是物理与信息工程学院副院长、福建省百人计划入选者、福建省科技创新领军人才、闽江学者特聘教授李福山老师...
https://wx.fzu.edu.cn/info/1086/1973.htm,校党委黄身勇副书记一行莅临我院关心慰问2023级军训新生,2023-09-06,9月5日上午，校党委副书记黄身勇、学生工作部(处)部长张红、铜盘校区管委会副主任陈峰一行来到铜盘校区训练场看望正在参加军事训练的2023级学生，对我院在场上身体不适的同学们进行了关心与慰问。校党委黄身勇副书记一行仔细询问了同学们的身体情况和治疗情况，提醒同学们在日...
https://wx.fzu.edu.cn/info/1086/1974.htm,【2023级新生入学思政课程（十）】物信学院开展“端正入党动机，积极向党组织看齐”2023级新生入党启蒙专题讲座,2023-09-03,为加强2023级新生思想引领，引导新生积极向党组织靠拢，自觉争做中国特色社会主义的坚定信仰者和忠实实践者。2023年9月3日，物信学院开展“端正入党动机，积极向党组织看齐”2023级新生入党启蒙专题讲座，本次讲座邀请了校党委组织部赵鹏副部长主讲。在讲座正式开始前，赵鹏老...
https://wx.fzu.edu.cn/info/1086/1975.htm,【2023级新生入学思政课程（九）】物信学院开展2023级新生“校史校情及三种精神“专题讲座,2023-09-03,为进一步帮助我院2023级新生了解校史院情，熟悉学校和学院基本情况，增强学生爱校爱院荣誉感。2023年9月3日，物信学院开展2023级新生“校史校情及三种精神“专题讲座，本次讲座由学院党委郑志刚副书记主讲，讲座线上线下同步进行，我院2023级本科和研究生新生共900余人参与本次...
https://wx.fzu.edu.cn/info/1086/1976.htm,喜报|物信学院程湘儿同学荣获2023级新生演讲比赛本科生组冠军！,2023-09-03,2023年9月1日，由学生工作部（处）主办、校易班工作站承办的“遇见•我和我的福大”2023级新生演讲比赛决赛落下帷幕，物信学院2023级电子信息类学生程湘儿在此次比赛中表现优异，荣获本次新生演讲比赛本科生组冠军。据悉，程湘儿同学曾获得教育部“宋庆龄奖学金”“全国最美中...
https://wx.fzu.edu.cn/info/1086/1977.htm,物信学院召开2023年秋季学生返乡思想动态调研座谈会,2023-09-03,为落实学校关于学生思想动态调查工作要求，把握学生关注的热点问题和普遍诉求，我院结合实际采用问卷调研、个人谈心谈话、走访宿舍等形式认真组织学生返乡思想动态调研工作。为增强思想政治工作的针对性、实效性和主动性，我院于9月1日下午召开2023年秋季学生返乡思想动态调研...
https://wx.fzu.edu.cn/info/1086/1978.htm,【2023级新生入学思政课程（八）】物信学院开展2023级新生生涯规划讲座,2023-09-02,为帮助我院2023级新生尽快适应大学生活，明确职业生涯规划的定义和方向，树立职业理想，2023年9月2日，我院在铜盘校区举行新生入学思政课程之“新生生涯规划”讲座，本次讲座由学校就业创业指导中心汪静筠老师主讲。首先，汪静筠老师用详实的毕业生去向数据带领同学们深入分析...
https://wx.fzu.edu.cn/info/1086/1979.htm,【2023级新生入学思政课程（七）】物信学院开展2023级新生励志感恩教育课暨资助政策宣讲,2023-09-01,为进一步加大学生资助政策宣传力度，充分发挥资助育人功能，帮助学生全面、准确、及时地了解校内资助工作新动态，2023年9月1日，我院通过线上线下相结合的形式举行2023级本科新生励志感恩教育课暨资助教育宣讲，本次讲座由学院资助工作负责老师吴晓雯老师主讲。 吴晓雯老师以“...
https://wx.fzu.edu.cn/info/1086/1980.htm,【2023级新生入学思政课程（六）】物信学院开展《大学之道》专题讲座,2023-09-01,为加强我院2023级新生思想建设，提高学生的人文素养和对大学的认识，2023年9月1日，我院在铜盘校区开展《大学之道》专题讲座，本次讲座邀请到福州大学人文社会科学学院梁桂芳教授进行主讲。 在本次讲座中，梁老师结合《大学》向同学们阐释了上大学的意义，增强了同学们的对福州...
https://wx.fzu.edu.cn/info/1086/1981.htm,物信学院2023级研究生年段大会顺利举行,2023-09-01,秋风送爽，红旗飘扬，物信学院迎来了2023级研究生新生开学之季。为向全体新生表示热烈欢迎，指导和帮助新生尽快了解和适应新环境，以及加深新生对学院团委研究生会工作的了解，物信学院于9月1日下午6时在图书馆博学厅举行2023级研究生年段大会。院团委书记陈山老师、辅导员吴晓...
https://wx.fzu.edu.cn/info/1086/1982.htm,【2023级新生入学思政课程（五）】物信学院开展2023级“新生团员第一课”,2023-08-31,为增强我院2023级本科新生共青团员意识，坚定同学们理想信念，同时培养新生团支部的组织能力，提升新生团员凝聚力，夯实团的基层工作。2023年8月31日，我院成功举行2023级本科新生团员第一课，课程由学院团委书记陈山老师主讲。在本次讲座中，陈山老师分别从团情、团史、团建、...
https://wx.fzu.edu.cn/info/1086/1983.htm,【2023级新生入学思政课程（四）】物信学院开展“拓展国际视野、树立世界眼光”主题讲座,2023-08-30,为引导新生做好学业规划，提升国际化素养，助力培养国际化人才。2023年8月30日，物信学院举行2023级本科新生入学教育之“拓展国际视野、树立世界眼光”讲座，本次讲座由林顶云老师主讲，她围绕境外升学规划启蒙为主题向同学们展开授课。本次讲座线上线下同步进行，同学们反响热...
https://wx.fzu.edu.cn/info/1086/1984.htm,【2023级新生入学思政课程（三）】我院开展“我的大学-大学新生心理适应”主题讲座,2023-08-29,为进一步帮助我院2023级本科新生尽快适应大学新环境，引导新生主动关注自身心理健康状况。2023年8月29日，福州大学物理与信息工程学院举行“我的大学-大学新生心理适应”新生适应性讲座。本次讲座由福州大学人文社会科学学院应用心理学系蒋苾箐老师主讲。物信学院本科2023级全...
https://wx.fzu.edu.cn/info/1086/1985.htm,物信学院2023年迎新工作顺利开展,2023-08-29,物信学院2023年迎新工作顺利开展为安全、顺利、高效地落实2023年迎新各项工作，我院党委领导多次召开迎新工作部署会，周密安排，制定迎新工作方案。在全院师生协同配合下，8月26日我院2023年迎新工作顺利开展。迎新当天，我院两委学生会的干部和志愿者们热情、积极、主动的为新...
https://wx.fzu.edu.cn/info/1086/1986.htm,【2023级新生入学思政课程（一）】我院开展“严肃校规校纪 强化安全教育 争做文明学生”校纪校规及安全教育讲座,2023-08-28,为帮助我院2023级新生更好地了解学校的规章制度，提高安全防范意识，保障人身财产安全，2023年8月28日，物信学院开展“严肃校规校纪 强化安全教育 争做文明学生”校纪校规及安全教育专题讲座，本次讲座由学院安全工作负责人江良煊老师主讲，讲座在铜盘校区设主会场，旗山校区设...
https://wx.fzu.edu.cn/info/1086/1987.htm,【2023级新生入学思政课程（二）】我院开展“养成生活好习惯，开启人生新篇章”健康生活指导专题教育暨2023本科生年段会,2023-08-27,为更好地帮助我院2023级本科新生养成良好的生活习惯，引导学生养成科学、文明、健康的生活方式，尽快适应大学学习与生活，为开启丰富多彩的大学生活与人生的崭新征程做好充足的准备。2023年8月27日，物信学院开展“养成生活好习惯，开启人生新篇章”健康生活指导专题教育暨2023...
https://wx.fzu.edu.cn/info/1086/1988.htm,关怀入微，情暖人心——校领导深入关怀我院新生,2023-08-27,2023年8月26日下午，校党委陈国龙书记、黄身勇副书记、校机关部处领导莅临我院迎新报道点，在我院党政领导的陪同下亲切慰问迎新工作人员、学生志愿者和新生，帮助新生更快适应大学生活。在新生迎接区，陈国龙书记逐一为包括我院2023级新生代表陈澍圻在内的八个同学佩戴了校徽，...
https://wx.fzu.edu.cn/info/1086/1989.htm,【主题教育进行时 访企拓岗促就业】学院领导赴中国电信福建分公司开展访企拓岗促就业专项活动,2023-08-14,为深入贯彻落实“访企拓岗促就业”专项行动的精神，助力毕业生高质量就业，2023年8月11日，物理与信息工程学院党委书记魏金明、院长卢孝强教授、党委副书记郑志刚、院长助理黄立勤教授、通信工程系副主任陈锋老师、2024届毕业生辅导员江良煊老师、辅导员方德汕老师一行前往中国...
https://wx.fzu.edu.cn/info/1086/1990.htm,喜报|物信学子在“兆易创新杯”第十八届中国研究生电子设计竞赛全国总决赛中再创佳绩！,2023-08-13,2023年8月11日，“兆易创新杯”第十八届中国研究生电子设计竞赛全国总决赛于广东东莞落下帷幕。本届竞赛于今年3月正式开赛，共有6289支队伍成功报名参赛。从全国8个赛区脱颖而出的524支队伍、约1800名师生齐聚松山湖科学城展开激烈追逐。本次竞赛规模创历史新高，主要分为技术...
https://wx.fzu.edu.cn/info/1086/1991.htm,【主题教育进行时 访企拓岗促就业】学院党委魏金明书记赴福州软件园产业服务公司开展访企拓岗促就业专项活动,2023-08-12,为积极开拓更多就业岗位和机会，持续推进毕业生更加充分更高质量就业，以实际行动推动主题教育进一步走深走实，8月8日，学院党委魏金明书记带领党委郑志刚副书记、副院长魏榕山教授、微电子系主任施隆照教授和2020级辅导员江良煊老师前往福州软件园产业服务公司开展访企拓岗促...
https://wx.fzu.edu.cn/info/1086/1992.htm,2023年TI杯全国大学生电子设计竞赛福建赛区测评工作在福州大学物理与信息工程学院有序开展,2023-08-12,8月9日，2023年TI杯全国大学生电子设计竞赛福建赛区测评工作于福州大学物理与信息工程学院光电信息国家级教学示范实验中心落下帷幕。综合测评重点考查各参赛团队掌握电子信息工程专业相关基础知识和实践能力的水平。测评中，各团队运用所学电子相关专业知识进行硬件设计制作，...
https://wx.fzu.edu.cn/info/1086/1993.htm,【主题教育进行时 访企拓岗促就业】学院党委魏金明书记赴福建省广电网络融媒体科技公司开展访企拓岗促就业专项活动,2023-08-11,为深入推进学习习近平新时代中国特色社会主义思想主题教育，进一步提升人才培养质量，贯彻落实“访企拓岗促就业”专项行动相关要求，8月9日，学院党委魏金明书记率队前往福建省广电网络融媒体科技公司开展访企拓岗促就业专项活动。学院党委郑志刚副书记、数字媒体技术系主任陈...
https://wx.fzu.edu.cn/info/1086/1994.htm,【主题教育进行时 访企拓岗促就业】学院党委魏金明书记赴福建星网锐捷通讯股份有限公司开展访企拓岗促就业专项活动,2023-08-11,为深入贯彻习近平总书记多次对做好高校毕业生就业工作作出重要指示批示，不断拓展就业市场和深度挖掘岗位资源，8月9日，学院党委魏金明书记、院党委郑志刚副书记、数字媒体技术系主任陈思喜老师、2021级辅导员方德汕老师等一行前往福建星网锐捷通讯股份有限公司开展访企拓岗促...
https://wx.fzu.edu.cn/info/1086/1995.htm,【主题教育进行时 访企拓岗促就业】 学院党委魏金明书记赴福建联迪商用设备有限公司开展访企拓岗促就业专项活动,2023-08-10,为深入开展学习习近平新时代中国特色社会主义思想主题教育，把主题教育同做好高校毕业生就业工作紧密结合起来，进一步拓展毕业生就业领域，推进多维度、高质量就业体系，8月8日，学院党委魏金明书记、郑志刚副书记、副院长魏榕山、微电子系主任施隆照、20级辅导员江良煊等一行...
https://wx.fzu.edu.cn/info/1086/1996.htm,【主题教育进行时 访企拓岗促就业】 学院党委魏金明书记赴福州瑞芯微电子股份有限公司开展访企拓岗促就业专项活动,2023-08-10,为深入学习宣传贯彻党的二十大精神，在实践中深化学习贯彻习近平新时代中国特色社会主义思想主题教育，8月8日，学院党委书记魏金明老师率队前往福州瑞芯微电子股份有限公司开展访企拓岗促就业专项活动，学院党委副书记郑志刚老师、副院长魏榕山老师、微电子系主任施隆照老师、2...
https://wx.fzu.edu.cn/info/1086/1997.htm,2023年TI杯全国大学生电子设计竞赛在我院成功举行,2023-08-10,2023年8月5日， 2023年TI杯全国大学生电子设计竞赛福建省赛区福州大学赛场的比赛在福州大学物理与信息工程学院圆满结束。我院作为承办单位，学院领导高度重视，强调要以强有力的责任感和使命感，全力以赴推进赛事有序开展。来自各个高校的同学们共计106支队伍318人在8月2日至8...
https://wx.fzu.edu.cn/info/1086/1998.htm,【主题教育进行时 访企拓岗促就业】 学院党委魏金明书记赴中国移动通信集团福建有限公司开展访企拓岗促就业专项活动,2023-08-09,为深入学习宣传贯彻党的二十大精神，扎实推动主题教育走深走实，深化校企合作、拓宽就业渠道，8月4日，学院党委书记魏金明老师率队前往中国移动通信集团福建有限公司开展访企拓岗活动。学院党委副书记郑志刚老师、学院院长助理黄立勤教授与辅导员陪同参加。在参观企业后，中国...
https://wx.fzu.edu.cn/info/1086/1999.htm,【主题教育进行时 访企拓岗促就业】 学院党委魏金明书记赴福建海康威视数字技术有限公司开展访企拓岗促就业专项活动,2023-08-09,为深入开展学习贯彻习近平新时代中国特色社会主义思想主题教育和贯彻落实党中央、国务院关于高校毕业生就业工作的决策部署，做好毕业生就业工作，8月4日，物理与信息工程学院、微电子学院党委魏金明书记带领学院党委郑志刚副书记、2020级辅导员江良煊老师和2021级辅导员方德汕...
https://wx.fzu.edu.cn/info/1086/2000.htm,传承雷锋精神，书写精彩华章 ——福州大学物理与信息工程学院“溪心河护”实践队关爱老人志愿活动,2023-07-28,习近平总书记在“把雷锋精神代代传承下去——纪念毛泽东等老一辈革命家为雷锋同志题词六十周年”座谈会上强调，新征程要深刻体会雷锋精神的深刻内涵，不断发展壮大雷锋志愿者队伍。为深入学习宣传贯彻党的二十大精神，深刻把握雷锋精神的时代内涵，福州大学物理与信息工程学院...
https://wx.fzu.edu.cn/info/1086/2001.htm,【物信学院】探寻河湖长制，共创文明福鼎,2023-07-28,为深入学习宣传贯彻党的二十大精神，牢牢把握主题教育“学思想、强党性、重实践、建新功”的总要求，推进习近平新时代关于绿色发展的重要思想在实践中的落地和深化，福州大学“溪心河护”实践队近日前往福鼎市河长制办公室与当地管理人员进行会谈。与福鼎市水利局工作人员和福...
https://wx.fzu.edu.cn/info/1086/2002.htm,【物信学院】巡河记（遇见）,2023-07-25,为深入学习宣传党的二十大精神，进一步推进学习贯彻习近平新时代中国特色社会主义思想主题教育走深走实，引导和帮助广大青年学生上好与现实相结合的“大思政课”，暑期文化科技卫生“三下乡”社会实践· “河小禹”护河行动实践团·福州大学物信学院“溪心河护”实践队来到了福建...
https://wx.fzu.edu.cn/info/1086/2003.htm,【主题教育进行时 访企拓岗促就业】物信学院院长卢孝强赴泉州昆泰芯微电子公司开展访企拓岗促就业专项活动,2023-07-25,为深入开展学习贯彻习近平新时代中国特色社会主义思想主题教育和贯彻落实党中央、国务院关于高校毕业生就业工作的决策部署，做好毕业生就业工作。7月24日，物理与信息工程学院院长卢孝强、物理与信息工程学院党委副书记郑志刚、物理与信息工程学院团委副书记苏海姬前往泉州昆泰...
https://wx.fzu.edu.cn/info/1086/2004.htm,第七届全国大学生集成电路创新创业大赛华南分赛区决赛在福州大学举办,2023-07-24,7月22日至24日，第七届全国大学生集成电路创新创业大赛“晋芯杯”华南分赛区决赛在福州大学晋江校区举办。本届大赛全国共有超过380所院校的5000多支队伍报名参赛，其中华南赛区共286支队伍进入了分赛区的决赛。经过激烈的角逐，最终华南理工大学、广东工业大学、福州大学等高校...
https://wx.fzu.edu.cn/info/1086/2005.htm,赛事预告|第七届全国大学生集成电路创新创业大赛华南分赛区决赛即将开赛！,2023-07-22,7月22日-24日，第七届全国大学生集成电路创新创业大赛华南分赛区决赛即将在福州大学晋江校区举办，本届华南分赛区由福州大学、晋江市政府主办，福州大学物信学院、晋江先进制造学院承办。本届大赛吸引了来自全国380多所高校的5000多支参赛队参加，竞争激烈。华南赛区共报名704...
https://wx.fzu.edu.cn/info/1086/2006.htm,物信学院组织开展《如何推动党的创新理论入脑入心》专题研讨,2023-07-22,为深入开展学习贯彻习近平新时代中国特色社会主义思想主题教育，2023年7月17日星期一，于祥联厅召开专题研讨会议，研究生教育管理工作室以“如何推动党的创新理论入脑入心”为主题展开讨论。各位小组成员就此主题开展了深入讨论。福州大学物理与信息工程学院、微电子学院党委副...
https://wx.fzu.edu.cn/info/1086/2007.htm,学以致用，福大“健康乡村，科技帮扶”博士实践队,2023-07-21,强势赋能小箬乡乡村振兴近日福州大学“健康乡村，科技帮扶”博士实践队走进闽侯县小箬乡湖柄村进行暑期“三下乡”社会实践活动，用科技手段帮扶小箬乡经济发展、文化传扬、健康乡村建设，深化校地共建，做实事赋能乡村振兴。校地共建，党建引领助发展博士实践队依托的福州大学...
https://wx.fzu.edu.cn/info/1086/2008.htm,【物信学院】党建引领促发展 科技帮扶振农兴,2023-07-19,为深入学习宣传贯彻党的二十大精神，在实践中推进学习贯彻习近平新时代中国特色社会主义思想主题教育走深走实，福州大学物理与信息工程学院健康医疗器械国际合作基地党支部、健康医疗“筑梦先肌“团队、“健康乡村，科技帮扶”博士实践队等师生一行，深入闽侯小箬乡，以党建引...
https://wx.fzu.edu.cn/info/1086/2009.htm,暑期三下乡|参访研学——漫步百年格氏栲，探秘千年十八寨,2023-07-18,实践活动的最后一天，福州大学物信学院“青木”乡村课堂实践队在苏海姬老师的带领下前往三明市，实地调研三元区绿色发展和生态建设成就，开展了一场立足实际，生动鲜活，极具教育意义的“大思政课”。实践队首先探访的是国家AAAA级旅游区格氏栲森林公园，它是世界上最大的格氏...
https://wx.fzu.edu.cn/info/1086/2010.htm,2022-2023学年物理与信息工程学院、微电子学院 能化奖学金评选公示,2023-07-18,根据福州大学《关于做好福州大学2023年“能化奖学金”评选工作的通知》文件要求，按照公开、公平、公正的原则，经学生申请、辅导员审核、学院资助领导小组讨论，现将2022-2023学年能化奖学金学院推荐名单予以公示：奖项名称序号姓名学号年级能化奖学金1黄锦鸿1120002092020级 ...
https://wx.fzu.edu.cn/info/1086/2011.htm,暑期三下乡｜物信学院“青木”乡村课堂实践队开展支教活动，助力乡村振兴,2023-07-18,为引导和帮助广大青年学生在社会课堂中“受教育、长才干、作贡献”，响应党的号召，关爱乡村儿童。近日，福州大学物信学院“青木”乡村课堂实践队在学院团委副书记苏海姬老师的带领下，赴三明市岩前镇开展为期三天的支教活动，涵盖开营仪式、破冰团建、物理启蒙课堂、红色教育...
https://wx.fzu.edu.cn/info/1086/2012.htm,【主题教育】牢记嘱托学思想 挺膺担当建新功,2023-07-18,为引导师生深入学习领会习近平新时代中国特色社会主义思想，7月12日下午，物信学院以“习近平总书记与大学生在一起”为主题，组织开展《习近平与大学生朋友们》专题学习分享活动。物信学院党员服务中心、福州大学学生马克思主义理论读书社，各年级学生代表参加此次学习分享会。...
https://wx.fzu.edu.cn/info/1086/2013.htm,乡村实践扬帆起，传统文化润心田,2023-07-17,乡村实践扬帆起，传统文化润心田国家之魂，文以化之，文以铸之。为了深入学习贯彻党的的二十大精神，推动学习习近平新时代中国特色社会主义思想主题教育走深走实，响应习近平总书记就文化建设提出的新理念新思想新战略，不断发掘中华优秀传统文化中的思想精华，福州大学物信学...
https://wx.fzu.edu.cn/info/1086/2014.htm,【主题教育】暑期“三下乡”|物信学院暑期社会实践—义务维修进岩前,2023-07-16,2023年7月13日上午，福州大学物信学院“青木”乡村课堂实践队携手义务维修队赴三明市三元区岩前镇开展义务维修活动，以实际行动发挥物信学子的专业特长，为居民们解决电器损坏问题，提供优质、便利的志愿服务。队员们进行家电维修14日上午，义务维修活动在岩前镇议事亭正式开始...
https://wx.fzu.edu.cn/info/1086/2015.htm,物信学院举行2023年暑期“三下乡”社会实践出征仪式,2023-07-11,2023年7月7日下午，福州大学物理与信息工程学院于思源厅举行2023年大学生暑期“三下乡”社会实践活动出征仪式。出席本次会议的领导、老师有：物信学院党委郑志刚副书记、团委副书记苏海姬老师，以及辅导员刘涛、吴晓雯老师。仪式由吴育锋同学主持。仪式开始，首先由吴育锋同学...
https://wx.fzu.edu.cn/info/1086/2016.htm,物信学院召开2022-2023学年第二学期期末教职工大会,2023-07-09,7月7日下午，物信学院在思源厅召开2022-2023学年第二学期期末教职工大会，学院党政领导班子成员出席会议，全院教职工参加了会议。会上，郑志刚副书记传达了学校安全工作会议精神，对暑期学院实验室安全管理工作提出了具体要求。各分管领导就期末及暑期主题教育、师德师风学习教...
https://wx.fzu.edu.cn/info/1086/2017.htm,【主题教育】物信学院开展师德师风集中学习教育活动,2023-07-09,7月7日下午，物信学院在思源厅召开全院教职工大会，组织开展师德师风集中学习教育活动，学院党政班子成员、全体教职工参加了集中学习教育。学院党委书记魏金明传达了福州大学关于开展师德师风集中学习教育工作的相关精神，组织大家学习了《习近平总书记关于教师队伍建设重要指...
https://wx.fzu.edu.cn/info/1086/2018.htm,物信学院医疗器械科研团队赴澳门大学展示闽澳合作成果,2023-07-08,6月下旬，福州大学物理与信息工程学院“科技部健康医疗器械国际科技合作基地”（简称国际合作基地）相关师生前往澳门大学，与澳大师生一同为福建省代表团展示闽澳合作成果。作为福建省代表团访问澳门的一项重要日程，国际合作基地高度重视，提前谋划，提早部署，以饱满的热情和...
https://wx.fzu.edu.cn/info/1086/2019.htm,【主题教育】学院党委郑志刚副书记为联系支部上党课,2023-07-08,为持续推进主题教育走深走实，7月7日上午，学院党委郑志刚副书记为联系支部上党课。100余名师生党员参加党课学习。  郑志刚副书记以《新领域 新赛道 新征程——为全面建设社会主义现代化国家贡献教育力量》为题，从深刻把握教育强国新领域、新赛道、新征程的内涵、深刻理解...
https://wx.fzu.edu.cn/info/1086/2020.htm,【主题教育】物信学院举行学习贯彻习近平新时代中国特色社会主义思想主题教育专题辅导报告会,2023-07-07,7月7日下午，我院在思源厅举行学习贯彻习近平新时代中国特色社会主义思想主题教育第二场专题辅导报告会，邀请福建师范大学杨建义教授作《以中国式现代化全面推进中华民族伟大复兴——深入学习党的二十大精神》专题辅导报告。报告会由学院党委书记魏金明主持，学院师生党员参加...
https://wx.fzu.edu.cn/info/1086/2021.htm,【主题教育】物信学院主题教育读书班举行第十一次集中学习交流研讨,2023-07-07,7月6日下午，物信学院学习贯彻习近平新时代中国特色社会主义思想主题教育读书班举行第十一次集中学习交流研讨暨党委理论学习中心组学习会，学院党委班子成员、党委理论学习中心组成员参加了会议。在大家前阶段自学习近平总书记14次关心关怀指导福州大学建设发展的重要指示批示...
https://wx.fzu.edu.cn/info/1086/2022.htm,喜讯-||我院3项党建案例获福州大学“一融双优”基层党建工作模式优秀案例,2023-07-06,日前，学校公布了关于“一融双优”基层党建工作模式优秀案例评选结果的公示，我院党委上报3项党建工作案例，分别获得福州大学基层党组织“一融双优”工作优秀案例一等奖1项、二等奖1项、师生党员“双培”工作优秀案例一等奖1项。为进一步总结凝练、巩固深化学校“一融双优”基...
https://wx.fzu.edu.cn/info/1086/2023.htm,【主题教育】物信学院召开党外人士代表座谈会,2023-06-27,为推动学习贯彻习近平新时代中国特色社会主义思想主题教育走深走实，根据学院主题教育调研计划安排，6月26日上午，物信学院召开党外人士代表座谈会，围绕学院“一号工程”---新一代信息技术双一流学科群培育建设以及推动学院事业高质量发展进行专题调研。学院党政领导、学院党...
https://wx.fzu.edu.cn/info/1086/2024.htm,【主题教育】怀梦想 赴山海——物信学院2023届毕业生代表座谈会顺利举行,2023-06-27,为深入学习贯彻习近平新时代中国特色社会主义思想，提高高校人才培养质量，推进主题教育走深走实，6月20日上午，物信学院举办2023届毕业生代表座谈会。院党委书记魏金明、副院长夏岩、团委副书记罗奕帆、辅导员苏海姬、刘涛、陈晓峰以及本科生、研究生代表出席会议。会议由党委...
https://wx.fzu.edu.cn/info/1086/2025.htm,【主题教育】物信学院召开科研平台和团队负责人座谈会,2023-06-26,为推动学习贯彻习近平新时代中国特色社会主义思想主题教育走深走实，根据学院主题教育调研计划安排，6月25日下午，物信学院召开科研平台和团队负责人座谈会，围绕学院“一号工程”---新一代信息技术双一流学科群培育建设以及推动学院事业高质量发展进行专题调研。学院党政领导...
https://wx.fzu.edu.cn/info/1086/2026.htm,【主题教育】物信学院召开高层次人才代表座谈会,2023-06-26,为推动学习贯彻习近平新时代中国特色社会主义思想主题教育走深走实，根据学院主题教育调研计划安排，6月25日下午，物信学院召开高层次人才代表座谈会，围绕学院“一号工程”---新一代信息技术双一流学科群培育建设以及推动学院事业高质量发展进行专题调研。学院党政领导、学院...
https://wx.fzu.edu.cn/info/1086/2027.htm,【主题教育】物信学院召开教工党支部书记、系中心主任座谈会,2023-06-26,为推动学习贯彻习近平新时代中国特色社会主义思想主题教育走深走实，根据学院主题教育调研计划安排，6月25日上午，物信学院召开教工党支部书记、系中心主任座谈会，围绕学院“一号工程”---新一代信息技术双一流学科群培育建设以及推动学院事业高质量发展进行专题调研。学院党...
https://wx.fzu.edu.cn/info/1086/2028.htm,【主题教育】毕业离别季，关怀暖人心——院领导深入学生宿舍关心慰问毕业生,2023-06-23,为深入学习贯彻习近平新时代中国特色社会主义思想，推进主题教育走深走实，进一步做好毕业生文明离校工作，6月19日下午，学院党委书记魏金明、党委副书记郑志刚、毕业班辅导员苏海姬以及研究生辅导员陈晓峰一同前往2023届毕业生宿舍，关心慰问即将开启人生新篇章的学生们。走访...
https://wx.fzu.edu.cn/info/1086/2029.htm,【主题教育】魏金明书记讲授主题教育专题党课,2023-06-21,6月15日上午，魏金明书记在学院105会议室讲授学习贯彻习近平新时代中国特色社会主义思想主题教育专题党课。学院党委副书记郑志刚参加、全体专兼职辅导员聆听党课。魏金明书记以《学习贯彻习近平总书记关于教育重要论述，全面落实立德树人根本任务》为题，围绕学习贯彻习近平总...
https://wx.fzu.edu.cn/info/1086/2030.htm,韶华永熠，壮志凌云——物信学院2023届毕业典礼暨学位授予仪式隆重举办,2023-06-15,6月13日上午，物理与信息工程学院、微电子学院2023届毕业典礼暨学位授予仪式于宏晖文体综合馆隆重举办。学院党政领导、各系主任、学院老师、校友代表、毕业生家长以及2023届全体毕业生参加典礼。本次典礼由学院党委郑志刚副书记主持。毕业典礼在庄严的国歌中拉开序幕。随后，夏...
https://wx.fzu.edu.cn/info/1086/2031.htm,青木进校园，科技庆六一｜物信学院青木课堂走进福州大学附属实验学校,2023-06-05,6月1日儿童节当天，福州大学物信学院的学生志愿者们将志愿科普活动“青木课堂”带进福州大学附属实验学校，助力学校科技节。为进一步激发附属实验学校同学们对科技的兴趣，培养学生的创新精神和实践能力添砖加瓦。 本次活动的主题是“创新·体验·成长”，在青木课堂上，来自物信...
https://wx.fzu.edu.cn/info/1086/2032.htm,物信青木课堂走进福州八中、二中,2023-06-05,活动介绍福州八中   2023年5月19日，福州第八中学第二十四届人文科技艺术节在三江口校区隆重举行，邀请福州大学物信义务维修队及电子爱好者学社学子在高校学生社团展示区进行科技作品展示。   物信学子带去自己制作的科技特色作品和科普讲解活动，为八中的同学们提供了一个拓宽...
https://wx.fzu.edu.cn/info/1086/2033.htm,物信学子在“挑战杯”福建省大学生课外学术 科技作品竞赛中再创佳绩,2023-06-05,5月28日，第十六届“挑战杯”福建省大学生课外学术科技作品竞赛在福建农林大学圆满落幕！我院在本届省赛中斩获特等奖1项、一等奖1项、二等奖2项.《选手在展台向评委嘉宾作项目介绍》《赛后合影》特等奖《用于超高分辨率显示的高效新型黑矩阵》项目情况：团队成员：张翔、何晴、...
https://wx.fzu.edu.cn/info/1086/2034.htm,喜报！我院义务维修队团支部获全国五四红旗团支部,2023-06-01,2023年4月，共青团中央下发《全国五四红旗团委（团支部）、全国优秀共青团员、全国优秀共青团干部拟表彰对象公示》，我院的义务维修队团支部获“全国五四红旗团支部”荣誉称号，为全省获此殊荣的高校团支部。据悉，义务维修队成立以来四十五年以来，始终牢记青年使命，一代代传...
https://wx.fzu.edu.cn/info/1086/2035.htm,一场跨越时间的主题对话！ 《物信青年说》第十七期“义维圆梦忆青春，守善秉烛续薪火”顺利举行,2023-05-26,为深入学习贯彻党的二十大精神，推动学习贯彻习近平新时代中国特色社会主义思想主题教育走深走实、见行见效，物理与信息工程学院党委于2023年5月21日晚，在图书馆博学厅举办《物信青年说》第十七期—“义维圆梦忆青春，守善秉烛续薪火”。出席本次活动现场的有：物理与信息工程...
https://wx.fzu.edu.cn/info/1086/2036.htm,【主题教育】物信学院举行2023届未就业学生情况分析与对接帮扶会,2023-05-26,为深入学习贯彻党的二十大精神和习近平新时代中国特色社会主义思想，提高主题教育指导实际工作的效能，做到“以学促干”，更好地解决2023届毕业生“慢就业”、“缓就业”、“难就业”问题。2023年5月23日至25日，学院党委郑志刚副书记、各系领导、毕业班辅导员共同针对2023届毕...
https://wx.fzu.edu.cn/info/1086/2037.htm,【主题教育】物信学院举行2023届毕业生就业工作“百日冲刺”推进会,2023-05-21,为深入学习贯彻党的二十大精神和习近平新时代中国特色社会主义思想，提高主题教育实效性，将党的创新理论知识用于指导实际工作，做到“以学促干”，更好地落实党中央、国务院关于高校毕业生就业工作决策部署，抓住高校毕业生就业工作关键期，加力加快工作进程，全力促进高校...
https://wx.fzu.edu.cn/info/1086/2038.htm,【主题教育】物信学院举行纪念五四运动104周年暨表彰大会,2023-05-21,为深入学习贯彻习近平新时代中国特色社会主义思想，弘扬五四爱国主义精神，物信学院纪念五四运动104周年暨五四表彰大会于5月20日上午在福州大学图书馆明德厅举行。出席本次大会的领导有院党委书记魏金明教授、微电子学院院长程树英教授、院工会主席陈思喜副教授、院长助理黄立...
https://wx.fzu.edu.cn/info/1086/2039.htm,物信学院举办第五期辅导员成长交流会暨升学经验交流会,2023-05-17,5月10日，物信学院第五期辅导员成长交流会暨升学经验交流会在105举行。此次活动特别邀请了石化学院辅导员何杰老师，物信学院全体学工组辅导员参加会议。   会上，何杰老师介绍了石化学院近年来在考研升学工作方面的经验。他指出，学院采取了多种措施，如加强宣传、撰写致学生及...
https://wx.fzu.edu.cn/info/1086/2040.htm,【主题教育】物信学院2023届本科毕业班开展主题教育读书班活动,2023-05-16,5月份以来，按照学院党委统一部署，2023届本科毕业班15个党支部深入开展学习贯彻习近平新时代中国特色社会主义思想主题教育读书班活动。图2019级电科1班党支部党员学习《习近平著作选读》在读书班活动中，毕业班各党支部通过专题党课、研讨交流、自主学习相结合的形式对《习...
https://wx.fzu.edu.cn/info/1086/2041.htm,【主题教育】筑牢防火墙 织好安全网：物信学院举行2023年学生宿舍消防逃生演练,2023-05-13,为深入学习贯彻党中央在全党深入开展学习贯彻习近平新时代中国特色社会主义思想主题教育工作的决策部署，贯彻落实习近平总书记关于防灾减灾救灾重要论述和党的二十大精神，按照党中央、国务院决策部署，以及国家减灾委员会办公室《关于做好2023年全国防灾减灾日有关工作的通知...
https://wx.fzu.edu.cn/info/1086/2042.htm,【主题教育】物信学院召开校党校第267期预备党员培训班开班动员会,2023-05-12,5月8日晚，物信学院在思源厅召开预备党员培训班开班前动员会议，学院党委组织员王明老师主持会议，郑志刚副书记做开班前动员讲话，我院参加校党校267期预备党员培训班的82名师生学员参加会议。郑志刚副书记指出，本次校党校培训是在全党上下全面贯彻党的二十大精神，深入开展学...
https://wx.fzu.edu.cn/info/1086/2043.htm,邯郸学院党委潘璐副书记一行 参访物信学院“一站式”社区服务建设,2023-05-12,5月9日上午，邯郸学院党委潘璐副书记一行到访参观我校学生生活区16号楼宿舍楼。福州大学学生工作部、物信学院相关负责人以及辅导员陪同参观。潘璐副书记一行参观了16号楼宿舍楼“一站式”社区服务建设的情况，包括一楼活动室的党建园地，二楼活动室的学生发展与支持空间、社区...
https://wx.fzu.edu.cn/info/1086/2044.htm,【主题教育】“迅光流电逐星翼，筑梦廿载向苍穹” 庆祝电子爱好者学社成立20周年活动顺利开展,2023-05-02,4月30日上午，电子爱好者学社迎来了20周年社庆，近40位校友与30多位在校本科生欢聚一堂。物理与信息工程学院党委副书记郑志刚，前电子爱好者学社指导老师刘征宇，现指导老师张昂及08级社长梁军、09级社长周海、10级社长陈志鹏、11级社长余伟强、13级社长林宇锋、17级社长杜智滔...
https://wx.fzu.edu.cn/info/1086/2045.htm,【主题教育】校党委书记陈国龙参加物信学院五四主题团日活动,2023-05-01,在五四青年节前夕，4月28日下午，校党委陈国龙书记来到物理与信息工程学院调研，并参加全国五四红旗团支部——物理与信息工程学院义务维修队团支部开展的“听党话、跟党走”五四主题团日活动。会上，义务维修队指导老师从发展历史、工作成绩和志愿精神等方面介绍了义务维修队的...
https://wx.fzu.edu.cn/info/1086/2046.htm,《名师论道》第十二期——“研途有道、携手奋进”,2023-04-29,2023年4月25日，物信学院《名师论道》第十二期——“研途有道、携手奋进”讲座于图书馆博学堂顺利开展。《名师论道》作为学院品牌论坛之一，主要通过邀请各学科带头人、各实验室负责人，介绍各个导师的团队、科研方向、项目进展；同时畅通本科生与实验室的联动渠道，为本科生进...
https://wx.fzu.edu.cn/info/1086/2047.htm,【主题教育】物信学院举行2023届毕业生“促就业”行动交流座谈会,2023-04-24,为进一步推进2023届毕业生就业工作，打通就业最后一公里，及时了解就业困难毕业生的思想动态和就业需求，进一步听取就业困难毕业生对就业服务工作的意见和建议，帮助学生顺利实现就业。2023年4月15日，物信学院与院楼105会议室举行2023届毕业生“促就业”行动交流座谈会。学院...
https://wx.fzu.edu.cn/info/1086/2048.htm,物理与信息工程学院开展 “青春与法同行”法治教育报告活动,2023-04-23,为进一步增强高校学生法律意识，培养学生法律素养，树立正确的法治观念和高尚的道德品质，2023年4月22日，物信学院举办“青春与法同行”法治系列教育报告活动。本次活动邀请到福州市人民检察院第一检查部林承杰副主任、闽侯县人民检察院第一检察部艾佳云副主任以及两级检察机关...
https://wx.fzu.edu.cn/info/1086/2049.htm,【主题教育】我院召开学风建设专题会议,2023-04-21,2023年4月20日，学风建设专题会议在学院南楼105会议室顺利召开。院党委张红书记出席会议并发表重要讲话，全体辅导员参加了本次会议，会议由郑志刚副书记主持。会上，郑志刚副书记对2022-2023学年第一学期本科各基础课程的学习情况进行了通报。各年级辅导员就本年级的学风建设工...
https://wx.fzu.edu.cn/info/1086/2050.htm,【主题教育】物信学院举办2023年退役大学生士兵座谈会,2023-04-19,为进一步了解和解决我院退役学生士兵在学习、生活上遇到的问题，帮助学生尽快完成角色转换，2023年4月18日下午，物信学院在16#2筑梦工作站召开2023年退役学生士兵座谈会。学院党委郑志刚副书记、2019级辅导员刘涛、吴晓雯及全体在校退役学生兵士参加了会议。座谈会上，郑志刚副...
https://wx.fzu.edu.cn/info/1086/2051.htm,岁月如歌四十年，重回母校忆青春｜ 物理无线电系77、78级校友返校共赴芳华之约,2023-04-10,四十载时光荏苒，再聚首风采依旧。2023年4月8日，104名毕业四十周年的物理无线电系77、78级校友从世界各地回到母校，共忆火热青春岁月，同叙师友同窗情谊。上午，校友们在旗山校区参与了“怡山追梦，四秩相聚”福州大学77、78级校友返校欢迎会。会后，学院组织校友们领略了校园...
https://wx.fzu.edu.cn/info/1086/2052.htm,物信学院2022级开展“清明颂英魂”缅怀先烈祭扫活动,2023-04-06,4月5日下午，物信学院2022级分团委组织学生前往福州市文林山革命陵园开展清明节“清明颂英魂”缅怀先烈祭扫活动。纪念碑下，年级代表占恒就清明节祭扫活动的开展和意义与同学们分享了自己的感悟：身为新时代的青年人，我们应该铭记革命先烈为人谋幸福的高尚品德，铭记他们无畏...
https://wx.fzu.edu.cn/info/1086/2053.htm,清明铭记 | 赓续红色精神，凝聚奋进力量,2023-04-06,正是人间梨花落，又逢清明寄哀思。清明节是中华民族的传统节日，是缅怀先烈、追思故人、寄托哀思的日子。时值清明，为缅怀革命先烈，抚今追昔以奋进，物信学院党员服务中心、福州大学学生马克思主义理论读书社组织师生代表们前往福州革命历史遗址开展“弘扬英烈精神，赓续红色...
https://wx.fzu.edu.cn/info/1086/2054.htm,忆碧血千秋 传船政精神 育时代新人 ---记物信学院组织学生党员参观马江海战纪念馆和中国船政文化城,2023-04-06,清明将至，为深入学习习近平新时代中国特色社会主义思想，开展“深学争优、敢为争先、实干争效”活动，引导广大青年学生缅怀革命英烈，弘扬革命精神，传承红色文化，4月3日，我院组织学生党员参观马江海战纪念馆和中国船政文化城。首先，党员来到马江海战纪念馆，瞻仰“昭忠祠...
https://wx.fzu.edu.cn/info/1086/2055.htm,【领导干部上党课】物信学院工会主席陈思喜同志为联系支部上党课,2023-03-31,为贯彻落实习近平总书记在全国党史学习教育动员大会上的讲话精神，引领全体学生党员学史明理、学史增信、学史崇德、学史力行，3月28日18:30，福州大学物理与信息工程学院工会主席陈思喜同志于学院思源厅为2021级数理电科党支部、2021集电光电微电学生党支部等8个党支部开展以“...
https://wx.fzu.edu.cn/info/1086/2056.htm,生涯规划季|大学生留学规划分享会,2023-03-27,3月26日晚19:00，物信学院《大学生多元化升学路径解析》分享会在铜盘校区科报厅A如期开展，邀请新东方前途出国美国研究生部、高端支持业务高级经理，总部尊享导师李亚超老师担任主讲嘉宾，为学院2022级意向留学同学分享留学申请经验，指导同学们在大学四年期间为毕业留学做好规...
https://wx.fzu.edu.cn/info/1086/2057.htm,【领导干部上党课】物信学院党委委员、副院长夏岩同志为联系支部上党课,2023-03-24,为深入学习贯彻党的二十大精神，引导学生党员在日常学习、工作、生活中真正将习近平新时代中国特色社会主义思想内化于心、外化于行，2023年3月11日14:00，福州大学物理与信息工程学院党委委员、副院长夏岩同志于学院思源厅为光学实验室研究生党支部、2019级应物、数综、光电、...
https://wx.fzu.edu.cn/info/1086/2058.htm,物信学院开展“赓续传承雷锋精神，党建引领书香永恒”图书漂流活动,2023-03-10,为深入贯彻习近平总书记对深入开展学雷锋活动作出的重要指示，深刻把握雷锋精神的时代内涵，大力弘扬雷锋精神及“奉献、友爱、互助、进步”的志愿精神，近日，福州大学物信学院党员服务中心与福州大学学生马克思主义理论读书社联合在全校范围内开展“赓续传承雷锋精神，党建...
https://wx.fzu.edu.cn/info/1086/2059.htm,物信学院大学生志愿者走进上街实验学校开展“大手拉小手”陪伴成长系列活动,2023-03-04,3月3日上午，福州大学物理与信息工程学院的大学生志愿者走进闽侯县上街实验学校（福州大学附属实验学校）开展“科普实践手拉手，雷锋精神代代传”—物信学院青木课堂“大手拉小手“陪伴成长活动。 在课堂活动开始前，闽侯县上街实验学校闽侯县教育局副局长、闽侯县上街实验...
https://wx.fzu.edu.cn/info/1086/2060.htm,弘扬雷锋精神 争做时代新人｜ 物信学院团委召开纪念“向雷锋同志学习”题词60周年座谈会,2023-03-04,为纪念毛泽东等老一辈革命家为雷锋同志题词60周年，深入学习贯彻习近平总书记对深入开展学雷锋活动作出的重要指示精神，在全院内掀起学雷锋活动高潮，3月3日中午13时，福州大学物理与信息工程学院、微电子学院团委召开纪念“向雷锋同志学习”题词60周年座谈会。学院团委书...
https://wx.fzu.edu.cn/info/1086/2061.htm,强化党建引领，推动毕业班工作进位提升 ——物信学院召开本科生毕业班党支部书记座谈会,2023-03-04,为进一步筑牢毕业班党支部战斗堡垒，强化党员责任和担当意识，提升毕业班党员服务能力，2023年3月1日下午，物信学院本科生毕业班党支部书记座谈会在物信南楼105举办。学院党委郑志刚副书记、毕业班辅导员和本科生毕业班15个党支部书记参加了本次座谈会。本次座谈会首先由本科生...
https://wx.fzu.edu.cn/info/1086/2062.htm,物信学院学工组召开新学期学生工作交流会,2023-02-26,2月23日，院学工组在院办105召开了新学期学生工作交流会。在会上，学工组辅导员结合分管工作和年级工作逐一汇报了2023年的工作计划，展示了各自的工作重点和特色，同时也并结合过去一年的工作经验，针对各自工作的薄弱环节和困难问题展开了探讨。汇报结束后，院党委副书记郑...
https://wx.fzu.edu.cn/info/1086/2063.htm,物信学院召开研究生党支部书记座谈会,2023-02-25,2月24日上午，学院党委召集研究生党支部书记在院办105会议室召开座谈会，学院党委副书记郑志刚、团委书记陈山、党委组织员王明以及全体研究生党支部书记参加了座谈。座谈会上，聚焦将“三争”行动融入中心工作、党建业务深度融合促发展、支部战斗堡垒及党员先锋模范作用发挥等...
https://wx.fzu.edu.cn/info/1086/2064.htm,物信学院开展新学期宿舍卫生安全检查,2023-02-19,物信学院开展新学期宿舍卫生安全检查为深入推进爱国卫生运动和安全教育，营造干净卫生的宿舍环境，提高宿舍安全用电意识，培养学生良好的生活习惯。2023年2月19日下午，学院党委郑志刚副书记带领全体辅导员、学院社委会学生干部深入学生公寓，组织开展新学期宿舍卫生安全检查工...
https://wx.fzu.edu.cn/info/1086/2065.htm,搏运动之极限 铸青春之辉煌| 2022年福州大学第51届校运会燃情开幕,2022-12-07,2022年12月7日，福州大学第51届校运会于第一田径场正式拉开序幕。运动会开幕式于上午8时举行，各代表队依次入场。学院的方阵由党委郑志刚副书记带队，在院旗的指引下，物理与信息工程学院、微电子学院代表队的红旗方阵出场。朝气蓬勃的物信学子齐步走向主席台，尽显青春气息。...
https://wx.fzu.edu.cn/info/1086/2066.htm,牢记嘱托铭初心，踔厉奋发勇担当 ——物信学院2023届毕业班兴起学习贯彻党的二十大精神热,2022-12-02,收听收看热烈讨论、传达学习领会精神、党员帮扶融入就业、教师鼓舞振奋考研、联系实际推动工作.....连日来，物信学院2023届毕业班师生兴起学习贯彻党的二十大精神热潮，切实把思想和行动统一到党的二十大精神上来，把力量凝聚到党的二十大部署的各项目标任务上来，聚焦“三度”...
https://wx.fzu.edu.cn/info/1086/2067.htm,学习二十大 奋进新征程 | 学工组召开学习宣传贯彻党的二十大精神专题会议,2022-11-15,11月10日上午，物信学院学工组学习宣传贯彻党的二十大精神专题会议在院办105室召开，院党委副书记郑志刚主持会议，院党委书记张红作题为《学习宣传贯彻党的二十大精神》的专题党课，全体辅导员参加会议。会上，张红书记通过数字、关键词解读党的二十大报告，深度阐述报告中的新...
https://wx.fzu.edu.cn/info/1086/2068.htm,学习二十大 奋进新征程 |物信学院党委：将学习贯彻党的二十大精神落实到战“疫”一线,2022-11-11,面对本轮突发疫情，物信学院党委闻令而动、统筹部署、精准研判、科学施策，把本轮疫情防控作为学习贯彻党的二十大精神实践载体，持续发挥四支队伍作用，凝聚起众志成城战疫强大合力，切实把学习贯彻党的二十大精神成效转化为推动学校疫情防控工作的强大动力。高举伟大旗帜...
https://wx.fzu.edu.cn/info/1086/2069.htm,物信学院学工组召开疫情防控工作专题会,2022-11-01,2022年10月30日上午，物信学院学工组召开疫情防控工作专题会，学习传达和研究部署疫情防控相关工作。全院专职辅导员均参加会议，会议由学院党委郑志刚副书记主持。 会议传达了近日校党委常委（扩大）会议暨疫情防控工作部署会精神和工作要求，学习了北京部分高校处置校园聚集性...
https://wx.fzu.edu.cn/info/1086/2070.htm,福州大学物理与信息工程学院关工委组织学生观看《福建教育五老说》第88期主题讲座,2022-10-28,10月26日晚，福州大学物理与信息工程学院关工委组织全体学生观看《福建教育五老说》第88期节目，由“光荣在党50年”纪念章获得者、全国关工委“先进工作者”、福建省高校“优秀共产党员”、福建医科大学关工委副主任唐明生老师担任主讲嘉宾，为广大青年学生开展《百年大党面对...
https://wx.fzu.edu.cn/info/1086/2071.htm,物信学院2022-2023学年第一学期学风建设大会顺利召开,2022-10-20,10月4日晚19:00，物理与信息工程学院2022-2023学年第一学期学风建设大会于思源厅顺利召开。学院党委副书记郑志刚老师、2019级辅导员苏海姬老师、2020级辅导员伦婉潼老师出席本次会议，同时参加本次会议的还有物信学院全体班长、团支书、学习委员。会议首先由苏海姬老师就学情分...
https://wx.fzu.edu.cn/info/1086/2072.htm,物信学院集中组织收听收看二十大开幕会盛况,2022-10-16,2022年10月16日上午10时，中国共产党第二十次全国代表大会在北京隆重开幕，这是党和国家政治生活中的一件大事。物理与信息工程学院党委在祥联厅、思源厅、105展室、融合创新实验室、北斗党支部活动室、学生公寓活动室等多个场所组织集中收听收看，聆听习近平总书记代表十九...
https://wx.fzu.edu.cn/info/1086/2073.htm,物信学院举办“党旗下的深情告白”主题活动,2022-10-16,党的二十大是在全党全国各族人民迈上全面建设社会主义现代化国家新征程、向第二个百年奋斗目标进军的关键时刻召开的一次十分重要的大会，意义重大，影响深远，举世瞩目。为了热烈庆祝党的二十大胜利召开，10月16日上午，物理与信息工程学院在旗山校区学院5号楼前举办“党旗下的...
https://wx.fzu.edu.cn/info/1086/2074.htm,喜迎二十大，志愿服务行 ——机关党委、物信学院党委联合开展主题党日活动,2022-10-15,为迎接党的二十大胜利召开，持续深化“我为群众办实事”，10月13日下午，机关党委、物信学院党委充分发挥党员志愿者模范引领作用，调动青年志愿力量，在行政北楼一楼大厅联合开展“喜迎二十大，志愿服务行”主题党日活动，校党委黄身勇副书记，机关党委、物信学院党委等几...
https://wx.fzu.edu.cn/info/1086/2075.htm,福州大学物信学院学生社区委员会成立大会顺利召开,2022-09-30,2022年9月29日19点，福州大学物信学院学生社区委员会成立大会在物信南楼215祥联厅顺利召开。学院党委郑志刚副书记、学院团委书记陈山老师以及学院各团学组织主要负责人、社委会全体成员参加了此次大会。本次会议由社委会指导老师刘涛主持。  会议伊始，全体师生起立，奏唱国歌...
https://wx.fzu.edu.cn/info/1086/2076.htm,福州大学物理与信息工程学院、微电子学院 2022级本科新生开学典礼顺利举行,2022-09-27,朗朗金秋，学期伊始。2022年9月23日下午3点，物理信息与工程学院、微电子学院2022级本科新生开学典礼于铜盘校区科报厅A（主会场）科报厅B（分会场）举行。学院党政领导、各系办（中心）主任、2022级新生班主任、学工组辅导员及全体2022级本科新生参与典礼。典礼由学院党委副...
https://wx.fzu.edu.cn/info/1086/2077.htm,物信学院2022级研究生新生开学典礼及开学第一课顺利举行,2022-09-27,长空万里，秋高气爽。2022年9月25日上午，物理与信息工程学院、微电子学院2022级研究生新生开学典礼在旗山校区图书馆博学厅举行，学院党政领导，各系主任、学位点负责人、行政干部代表等出席，本次典礼由院党委郑志刚副书记主持。典礼的第一项议程，全体师生起立，奏唱国歌。在...
https://wx.fzu.edu.cn/info/1086/2078.htm,仰望星空，脚踏实地｜物信学院党委张红书记 为2022级本科新生讲授开学第一课,2022-09-27,为帮助新生尽快适应新的学习、生活环境，在新的起点上迈好第一步，扣好人生的第一粒扣子，9月25日下午，物信学院党委张红书记在铜盘校区科报厅为学院全体2022级本科新生讲授了开学第一课。  张红书记从学院概况、学科建设以及人才培养三个方面展开介绍，向新生们介绍了了学院师...
https://wx.fzu.edu.cn/info/1086/2079.htm,“喜迎二十大，运动展风采”---福州大学物信学院2022级新生运动会暨校运会选拔赛顺利举行,2022-09-27,长飚起于天末，吹不散绿茵场上奋勇拼搏的热忱。9月25日15：00，福州大学物信学院2022级新生运动会暨校运会选拔赛在铜盘校区田径场举行。物信学院党委郑志刚副书记，2019级辅导员刘涛老师，2022级辅导员程章威老师、刘媛老师出席参加。在这充满激情的下午，运动员们积极奋进、勇...
https://wx.fzu.edu.cn/info/1086/2080.htm,福州大学物理与信息工程学院第二次学生代表大会、第二次研究生代表大会顺利召开,2022-09-23,2022年9月22日，福州大学物理与信息工程学院第二次学生代表大会、第二次研究生代表大会于物信学院思源厅顺利召开。出席本次大会的有院党委副书记郑志刚老师、校学生会执行主席李文杰同学、院团委书记陈山老师、院团委副书记罗奕帆老师，以及物信学院学生会、研究生会学生干事，...
https://wx.fzu.edu.cn/info/1086/2081.htm,我院2022级研究生迎新工作顺利开展,2022-08-29,2022年8月28日，福州大学物理与信息工程学院、微电子学院迎来了2022级的研究生新生。我院精心组织，周密部署，工作人员紧密配合，尽最大努力为我院新生提供完善周到的服务。    在新生报到期间，学院党委张红书记、程树英院长、郑志刚副书记、李福山副院长、夏岩副院长等学院...
https://wx.fzu.edu.cn/info/1086/2082.htm,梦起物信心连“新”——物信学院2022级本科迎新工作顺利开展,2022-08-29,8月27日，福州大学物信学院2022级本科新生来校报到。此前，新生辅导员已根据疫情防控要求完成了对新生的健康摸排，并在线上做好了安全教育工作。同时，学院各部门明确分工，相互配合，提前备好迎新相关物资，召集两委志愿者打扫新生宿舍，力求确保迎新工作的顺利进行。清晨...
https://wx.fzu.edu.cn/info/1086/2083.htm,物信学院召开2022年迎新工作部署会,2022-08-26,8月24日下午，物信学院在祥联厅召开2022年迎新工作部署会。院党政班子成员、院长助理以及学院迎新工作领导小组成员参加了会议。会上，学院党委副书记、迎新工作领导小组副组长郑志刚介绍了2022级新生报到以及迎新前期准备工作等基本情况，就2022年学院迎新工作方案作了说明，并...
https://wx.fzu.edu.cn/info/1086/2084.htm,“兆易创新杯”第十七届中国研究生电子设计竞赛 华东赛区决赛在福州大学举办,2022-08-14,“兆易创新杯”第十七届中国研究生电子设计竞赛华东赛区决赛在福州大学举办8月12日至8月13日，第十七届中国研究生电子设计竞赛华东赛区决赛在福州大学打响。本届大赛全国共有超过6000支队伍报名参赛。经过第一轮线上初赛（8月1日-2日）的评审，共有134支队伍荣获华东赛区一等奖...
https://wx.fzu.edu.cn/info/1086/2085.htm,第六届全国大学生集成电路创新创业大赛 “瑞芯微杯”华南分赛区决赛在福州大学举办,2022-08-02,7月31日至8月1日，第六届全国大学生集成电路创新创业大赛“瑞芯微杯”华南赛区决赛暨集成电路人才对接会在福州大学旗山校区举办。本届大赛全国共有超过300所院校的4000多支队伍报名参赛，其中华南赛区共217支队伍进入了分赛区的决赛。经过激烈的角逐，最终华南理工大学、广东...
https://wx.fzu.edu.cn/info/1086/2086.htm,三下乡青年行 | 物信学院“赓续红色基因，献力乡村振兴”实践队 赴泰宁开展旅游事业发展调研活动,2022-07-25,为深入学习贯彻习近平新时代中国特色社会主义思想特别是习近平总书记在庆祝中国共产主义青年团成立100周年大会上的重要讲话精神，引导物信青年学子重走习近平总书记在福建工作期间考察泰宁足迹，进一步发挥专业优势，以泰宁全域旅游发展为重点，扎实做好对口帮扶泰宁工作。2022...
https://wx.fzu.edu.cn/info/1086/2087.htm,资助政策乡村行，助学圆梦新时代 ——福州大学物信学院“青木”乡村课堂实践队开展乡村资助行活动,2022-07-25,为全面落实党和国家的资助政策，不断提升资助育人质量，福州大学物信学院“青木”乡村课堂实践队在当地相关部门的支持下，赴三明市三元区小蕉村、福州市闽清县云龙乡两地开展“资助政策乡村行”活动，将国家资助政策在田野乡间传播，提高政策知晓率。本次活动通过入户调研、当...
https://wx.fzu.edu.cn/info/1086/2088.htm,以淡泊之心致高足遍地 ---物信学院“探寻福大故事，砥砺初心使命”实践队拜访退休教师何礼熊教授,2022-07-21,2022年7月16日9：00，物信学院“探寻福大故事，砥砺初心使命”实践队前往福建省物理学会常务理事、福州大学物理系原系主任何礼熊教授的家中，就其在福州大学任教期间的生涯往事进行了采访。图1 何教授与实践队队员亲切交谈据何礼熊教授介绍，自己本科毕业于北京大学原子核物理...
https://wx.fzu.edu.cn/info/1086/2089.htm,传承志愿精神，谱写青春之歌	 ——福州大学物信学院义务维修队开展暑期家电维修活动,2022-07-19,2022年7月13日至15日，福州大学物信学院青木”乡村课堂实践队携手义务维修队分别赴三明市三元区小焦村、福州市闽清县云龙乡开展义务维修活动，免费为两地群众维修各类小家电，为群众提供优质、便利的志愿服务。队员们接待居民并登记维修信息活动过程中，实践队队员分工明确，各...
https://wx.fzu.edu.cn/info/1086/2090.htm,为爱集结传递爱心，美好假期益起同行 ——福州大学物信学院“青木”乡村课堂实践队开展“美好假期”温暖公益行活动,2022-07-19,近日，福州大学物信学院“青木”乡村课堂实践队在三明市三元区小蕉村、福州市闽清县云龙乡利用开展“美好假期”温暖公益行活动，为当地需要帮助的儿童带去关爱，将爱心传播在美丽的乡间田野。三明市小焦村实践队举办“美好假期”开营仪式传递美好，乡伴童行实践队队员背起美好...
https://wx.fzu.edu.cn/info/1086/2091.htm,共植“青木”，筑梦未来 ——福州大学物信学院“青木”乡村课堂实践队开展义务支教活动,2022-07-19,近日，福州大学物信学院“青木”乡村课堂实践队走进三明市三元区小蕉村、福州市闽清县云龙乡，重点针对困境、留守儿童开展义务支教活动。“青木”课堂通过打造体育锻炼拓展课、爱国主义教育课、科技启蒙实践课三个主题课堂，同时携手联想“美好假期”大学生温暖公益行专项...
https://wx.fzu.edu.cn/info/1086/2092.htm,物理伟域田连仟“伯”，孚尹明“达”厚待桃李 ---物信学院“探寻福大故事，砥砺初心使命”实践队拜访退休教师卞伯达教授,2022-07-17,2022年7月14日9：00，物信学院“探寻福大故事，砥砺初心使命”实践队前往怡山老校区拜访了福建省物理学会原副理事长、福州大学物理系原系主任卞伯达教授，聆听老教授简述福州大学建校初期的艰苦历程和老一辈教育工作者们的奋斗往事。采访之初，卞伯达教授介绍了自己在厦门大学...
https://wx.fzu.edu.cn/info/1086/2093.htm,福州大学物信学院组织学生观看学习《福建教育五老说》,2022-07-17,7月15日晚7点30分，《福建教育五老说》邀请到福州大学关工委常务副主任、福州大学原党委副书记陈少平以“回望党的历史 不忘革命初心，坚定理想信念 凝聚奋进力量”为主题为我们讲述了中国共产党充满苦难与辉煌的百年历史，让我们明白了共产党先辈们艰苦卓绝的战斗、英勇无畏的...
https://wx.fzu.edu.cn/info/1086/2094.htm,物信学院“青木”乡村课堂实践队“红色文化继承者”红色课堂顺利开展,2022-07-16,7月14日上午，为深入学习习近平新时、代中国特色社会主义思想，贯彻落实习近平总书记关于青年工作的重要理念，引导学生弘扬传承革命精神，赓续红色血脉，深入学习感悟新时代党和国家事业发展取得的伟大成就，激发爱党爱国热情，凝聚起强大青春力量，福州大学物信学院“青木”乡...
https://wx.fzu.edu.cn/info/1086/2095.htm,【物信学院】物信学院与三明市小蕉村举行“乡村振兴教育实践基地”揭牌仪式,2022-07-16,7月13日上午，物信学院与三明市小蕉村举行“乡村振兴教育实践基地”揭牌仪式，学院党委副书记郑志刚、三元团区委书记顾珍、三元区列西街道党工委书记陈志谋出席揭牌仪式。座谈会上，三明市三元区列西街道党工委书记陈志谋对物信学院“青木”课堂实践队的到来表示感谢。他提到，...
https://wx.fzu.edu.cn/info/1086/2096.htm,物信学院寻访“物信故事”工作筹备会顺利举行,2022-07-14,2022年7月12日16：00，物信学院“探寻福大故事，砥砺初心使命”实践队暑期三下乡暨寻访“物信故事”工作筹备会在物信南楼105会议室举行。物信学院党委张红书记出席会议并讲话，会议由2019级辅导员刘涛老师主持。会上，张红书记介绍了开展寻访“物信故事”实践活动的背景及意义...
https://wx.fzu.edu.cn/info/1086/2097.htm,美好假期 益起成长｜联想 “美好假期”大学生温暖公益行线下出发大会在福州大学顺利举行,2022-07-06,7月5日上午，联想“美好假期”大学生温暖公益行线下出发大会在福州大学明德厅顺利举行。本次福州站的出发大会由福建省广播影视集团卫视中心、联想集团、北京圆网慈善基金会以及福州大学联合主办，福州大学物理与信息工程学院承办。莅临本次大会的有福州大学党委副书记黄身勇、...
https://wx.fzu.edu.cn/info/1086/2098.htm,物理与信息工程学院、微电子学院2022-2023届本科生团委、学生会主席团竞聘大会在思源厅顺利举行,2022-07-03,2022年7月3日下午三点，物理与信息工程学院、微电子学院2022-2023届本科生团委、学生会主席团竞聘大会在思源厅顺利举行。出席本次会议的有物信学院党委郑志刚副书记、物信学院党委王明老师、物信学院团委罗奕帆副书记以及物信学院辅导员刘涛老师、谢俊慧老师和吴维老师。此外，...
https://wx.fzu.edu.cn/info/1086/2099.htm,体育锻炼强体魄，“振奋杯”赛壮人心——物信学子在2022年福州大学“振奋杯”比赛斩获佳绩,2022-06-21,2022年6月，由福州大学体育运动委员会主办的2022年福州大学“振奋杯”比赛圆满落幕。本届“振奋杯”比赛分为篮球、排球、乒乓球、跳绳、足球、羽毛球、网球和桥牌8个项目，比赛期间物信学院党委张红书记、郑志刚副书记以及各年级辅导员老师到场为运动健儿们加油助威，我院学子...
https://wx.fzu.edu.cn/info/1086/2100.htm,物信学院2022届毕业生“欢送杯”篮球赛圆满结束,2022-06-21,为欢送2022届毕业生，增进各年级学生之间的友谊。6月18日19：00，我院在风雨操场举办了2022届毕业生“欢送杯”男篮女篮篮球赛。本次篮球赛共有1819级联队vs 2021级联队、研究生联队vs本科生联队、三分趣味赛、全场跑篮赛、1v1斗牛赛等五项赛程。“呜”，哨声一响，裁判员把球高...
https://wx.fzu.edu.cn/info/1086/2101.htm,数载求学终有时，鲲鹏展翅看今朝——物信学院隆重举办2022届毕业典礼暨学位授予仪式,2022-06-18,6月16日上午，物理与信息工程学院、微电子学院2022届毕业典礼暨学位授予仪式于宏晖文体综合馆隆重举办。学院党政领导、各系主任、学院老师、校友代表、家长代表以及2022届全体毕业生参加典礼。本次典礼由学院党委郑志刚副书记主持。典礼的第一篇章“佳期如梦：恰同学少年，风华...
https://wx.fzu.edu.cn/info/1086/2102.htm,物信学院 “锦时筑梦，芳华壹捌” 2022届毕业晚会圆满落幕,2022-06-18,2022年6月14日晚，以“锦时筑梦，芳华壹捌”为主题的福州大学物理与信息工程学院2022届毕业晚会在宏晖文体综合馆精彩上演，出席本次毕业晚会的领导有物信学院党委张红书记、院长、党委郑志刚副书记等学院领导以及各年级辅导员老师。本次晚会共分为“骊歌未央”和“赓续华章”两...
https://wx.fzu.edu.cn/info/1086/2103.htm,物信学院组织学生参加第十七届“兆易创新杯”华东赛区线上宣讲会,2022-06-14,2022年6月9日下午两点，“兆易创新杯”第十七届中国研究生电子设计竞赛华东赛区校园宣讲会正式召开。物信学院120余研究生在物信南楼思源厅参加线上宣讲。宣讲会伊始，中国研究生电子竞赛全国组委会副秘书长刘霆轩对中国研究生电子设计竞赛进行了简要介绍。随后，兆易创新、景嘉...
https://wx.fzu.edu.cn/info/1086/2104.htm,我院学子在2022年福州大学学生游泳比赛中斩获佳绩,2022-06-14,6月12日，2022年福州大学学生游泳比赛在旗山校区游泳池举行。我院选派了王瑾昱等17名同学参加比赛，我院游泳健儿们以饱满的精神面貌，坚持不懈、奋勇争先的毅力，最终以团体总分64分获得了并列第五名的佳绩。本次比赛涉及自由泳、蛙泳、仰泳、蝶泳、混合泳、接力等竞赛项目。其...
https://wx.fzu.edu.cn/info/1086/2105.htm,福州大学物信学院关工委组织学生学习第77期《福建教育五老说》,2022-05-30,5月21日晚7点30分，《福建教育五老说》邀请到福州大学马克思主义学院原党委书记吴兴南教授，以“百年历程中的中国共产党与中国青年兼谈马克思主义中国化的历史进程”为主题做直播讲座。此次讲座，让大家对马克思主义时代化的历史进程有了更加深入的了解，同时更加坚定不移地听...
https://wx.fzu.edu.cn/info/1086/2106.htm,“三全育人助成才”福州大学物信学院深入探索“三全育人”综合改革,2022-05-27,教育是国之大计、党之大计作为教育部首批“三全育人”综合改革试点学院福州大学物理与信息工程学院深入落实立德树人根本任务坚持以习近平新时代中国特色社会主义思想为指导在“大思政”格局思维下创新思路、整合资源初步形成了一套操作性、实用性、推广性较强的运作模式为宣传...
https://wx.fzu.edu.cn/info/1086/2107.htm,学风建设月｜物信学院2024年班主任暨引进生辅导员工作交流会顺利举行,2022-05-25,为进一步加强班主任与辅导员之间的沟通交流，充分发挥育人合力，共同推进学院学风建设，提高学院人才教育培养质量，5月23日下午，物理与信息工程学院、微电子学院2023-2024学年第二学期班主任暨引进生辅导员工作交流会在物信学院祥联厅顺利举行。物信学院党委副书记郑志刚、团...
https://wx.fzu.edu.cn/info/1086/2108.htm,物信学院第四届十佳歌手复赛圆满落幕,2022-05-21,五月十四日晚，“音福同行”——福州大学物理与信息工程学院第四届十佳歌手复赛圆满落下帷幕。复赛共有二十三位选手参加，最后共十二位选手成功晋级决赛。复赛开始，主持人依次介绍各位评审并宣读比赛规则。此次十佳歌手复赛参与的评审嘉宾有：校歌手队副队长、2021年校十佳歌...
https://wx.fzu.edu.cn/info/1086/2109.htm,院党委张红书记赴企业开展访企拓岗促就业专项活动,2022-05-19,5月18日，院党委张红书记及黄立勤教授等一行6人赴福建魔方电子科技有限公司开展访企拓岗促就业专项行动，与企业负责人深入座谈交流，了解企业发展情况、人才需求。座谈会上，张红书记表示学院高度重视毕业生就业创业工作，希望校企双方加强交流互动，充分了解需求，不断深化合...
https://wx.fzu.edu.cn/info/1086/2110.htm,物信学子在第七届“互联网+”大学生创新创业大赛中再创佳绩,2022-05-14,4月25日下午，福州大学第七届“互联网+”大学生创新创业大赛总结表彰会在图书馆明德厅顺利举办。物信学院在其中荣获“先进集体”奖项，学院党委郑志刚副书记荣获 “优胜组织指导奖”，学院团委徐红梅书记荣获“优秀创新创业导师”称号。（表彰先进集体）（表彰优胜组织指导奖）...
https://wx.fzu.edu.cn/info/1086/2111.htm,物信学院开展实验室消防安全教育培训和应急演练,2022-05-13,为进一步加强我院师生的实验室消防安全意识，增强学院师生实验室应急处置能力，在校保卫部、校实验室建设与设备管理处的指导下，在闽侯县消防救援大队的协助下，物信学院于2022年5月11日开展“物信学院2022年实验室消防安全教育”系列活动。学院党委郑志刚副书记主持了本次活动...
https://wx.fzu.edu.cn/info/1086/2112.htm,物信青年学子热议习近平总书记在中国共产主义青年团成立100周年大会上的重要讲话,2022-05-10,5月10日上午，庆祝中国共产主义青年团成立100周年大会在北京人民大会堂隆重举行。中共中央总书记、国家主席、中央军委主席习近平出席大会并发表重要讲话。习近平总书记在大会上的重要讲话在物信青年学子中引起强烈反响，大家纷纷表示，习近平总书记的讲话让人心潮澎湃，备受鼓...
https://wx.fzu.edu.cn/info/1086/2113.htm,物信学院开展“品冬奥精神，献青春力量”主题班会,2022-05-04,近日，北京冬奥会与冬残奥会总结表彰大会的陆续开展，为了切实的将其中宝贵的精神财富融入青年学子爱党报国的实际行动中，物理与信息工程学院、微电子学院开展“品冬奥精神，献青春力量”主题班会。  本次活动以学习贯彻习近平新时代中国特色社会主义思想为指引，围绕“习近...
https://wx.fzu.edu.cn/info/1086/2114.htm,福州大学辅导员沙龙第二期暨物信学院辅导员成长交流会第四期顺利举办,2022-05-02,4月28日下午，物信学院辅导员成长交流会第四期在物信学院思源厅举办。本次交流会同时也是福州大学辅导员沙龙第二期活动，本期的主题是《大数据时代网络舆情监测、研判、应对》，主讲嘉宾为福建省千亿信息科技有限公司方敏强总经理，现场由物信学院党委郑志刚副书记主持，来自校...
https://wx.fzu.edu.cn/info/1086/2115.htm,物信学子热议习近平总书记在中国人民大学考察时的重要讲话精神,2022-05-02,2022年4月25日，习总书记在中国人民大学发表重要讲话，代表党中央向全国各族青年和广大教育工作者致以节日祝贺，寄语广大青年牢记党的教诲，立志民族复兴，不负韶华，不负时代，不负人民，在青春的赛道上奋力奔跑，争取跑出党代青年的最好成绩！为了深入学习习总书记的重要讲话...
https://wx.fzu.edu.cn/info/1086/2116.htm,物信学院线上开展《习近平与大学生朋友们》学习心得交流会,2022-04-19,2022年4月18日晚七点，《习近平与大学生朋友们》系列专题报道大学习物信学院学习交流会暨物信学院第三期青马班课程在线上开展。参加本次会议的嘉宾有校关工委副主任许亚明、院关工委秘书长、院团委书记徐红梅、院团委副书记罗奕帆、青年教师代表谢俊慧，与会的还有物信学院团委...
https://wx.fzu.edu.cn/info/1086/2117.htm,物信学院在五院联合创新创业大赛中荣获佳绩,2022-04-19,"为深化高等教育综合改革，激发大学生的创造力，培养造就""大众创业、万众创新""的生力军，推动高校毕业生更高质量创业就业。4月15日晚，福州大学物信、建筑、机械、紫金、人文五院联合第八届“互联网+”大学生创新创业大赛院赛决赛在建筑与城乡规划学院一楼科报厅举办。本次大赛..."
https://wx.fzu.edu.cn/info/1086/2118.htm,福州大学关工委许亚明副主任莅临物信学院线上开展《习近平与大学生朋友们》学习心得交流会,2022-04-18,4月18日晚，福州大学校关工委副主任许亚明老师莅临物信学院线上开展《习近平与大学生朋友们》学习心得交流会，学院关工委秘书长、团委书记徐红梅老师，学院团委副书记罗奕帆，青年教师代表谢俊慧，学院学生会、研究生会主席团，学院青马班学员等青年学生干部出席本次会议。“智...
https://wx.fzu.edu.cn/info/1086/2119.htm,物信学院关工委组织学生观看《五老说第74期公益讲座》,2022-04-17,4月16日，物信学院关工委组织全体学生观看《五老说》第74期节目，由“光荣在党50年”纪念章获得者、全国关工委“先进工作者”、福建省高校“优秀共产党员”、福建医科大学关工委副主任唐明生老师担任主讲嘉宾，为广大青年学生讲述：《用马克思主义中国化的最新成果回答时代之问...
https://wx.fzu.edu.cn/info/1086/2120.htm,朋辈课堂｜学科竞赛系列分享会顺利举办,2022-04-11,为深入推进物信学院基础学科竞赛参赛率、获奖率，我院学生发展中心充分发挥优秀朋辈力量，利用朋辈课堂的方式，分别在本月四日，六日和八日开展关于全国大学生数学竞赛、数学建模竞赛、英语竞赛的基础学科竞赛的线上经验分享会，同时创立QQ群邀请优秀学长学姐为同学们答疑解惑...
https://wx.fzu.edu.cn/info/1086/2121.htm,物信学院组织学生参加“同上一堂疫情防控思政大课”在线直播活动,2022-04-10,为深入学习贯彻习近平总书记关于疫情防控工作的重要指示精神，将高校思想政治理论课教学优势转化为支持疫情防控工作的强大力量，4月9日上午九点，面向全省高校师生举办的“同上一堂疫情防控思政大课”在线直播活动正式开始。物信学院积极组织全体师生参加，共计2380名师生参与...
https://wx.fzu.edu.cn/info/1086/2122.htm,马克思主义理论读书社举办“缅怀革命先烈，传承红色基因”网上祭扫活动,2022-04-08,“一个有希望的民族不能没有英雄，一个有前途的国家不能没有先锋”为深入学习宣传贯彻党的十九届六中全会精神、习近平总书记关于崇尚英雄、缅怀英烈的重要论述，深刻感悟习近平总书记的英烈情怀、家国情怀，将开展党史学习教育与弘扬优秀传统文化相结合。清明期间，马克思主义...
https://wx.fzu.edu.cn/info/1086/2123.htm,福州大学物信学院关工委组织学生学习《习省长为我们作省情报告》,2022-04-07,2002年4月23日，时任福建省省长习近平来到福州大学，为2000多名大学生作了题为《当前福建经济社会发展情况和国内外形势》的省情报告。习近平同志结合国际国内经济发展形势，介绍了福建省经济社会发展情况并勉励同学们胸怀大志，艰苦奋斗，为国贡献。福大学子采访当年聆听报告的...
https://wx.fzu.edu.cn/info/1086/2124.htm,《名师论道》第十一期“出国留学”——学业发展的又一选择,2022-04-03,2022年3月31日，物信学院《名师论道》第十一期——《“出国留学”——学业发展的又一选择》主题讲座在线上顺利开展。本次讲座不仅针对性为高年级有出国留学准备的学生答疑解惑，同时也是全体大一新生的一次对外交流学习启蒙教育。讲座由物信学院2019级辅导员苏海姬老师主持，物...
https://wx.fzu.edu.cn/info/1086/2125.htm,“疫”路前行 筑牢防线｜物信学院“1＋2＋5”模式，精准服务考研复试,2022-03-30,近日，在常态化疫情防控背景下，研究生远程线上复试成为大多数研究生招生院校的主要复试方式。为了创造一个良好的备考和复试环境，帮助学生更好的应对复试，物信学院专门为考研学生提供临时复试及备考场所。为了保证复试环境的质量，临时考场的地点选取在物信南楼及学院两委活...
https://wx.fzu.edu.cn/info/1086/2126.htm,物信学院团委组织开展“请党放心 战疫有我”特别主题团日活动,2022-03-28,近日疫情形势依然严峻复杂，为进一步贯彻落实学校有关新冠肺炎疫情防控的相关要求，强化我院广大团员青年在疫情防控工作中的责任担当意识，物信学院团委组织开展“请党放心 战疫有我”特别主题团日活动。学院全体团支部积极响应号召，通过防疫政策解读、知识宣传等多种线上形式...
https://wx.fzu.edu.cn/info/1086/2127.htm,物理与信息工程学院、微电子学院团委举办“抗疫”专题思政团课,2022-03-28,为了深入贯彻落实习近平总书记关于做好疫情防控工作的重要指示，认真落实党中央国务院决策部署和省委、省政府工作部署，依法科学有序防控疫情。2022年3月23日晚上，物理与信息工程学院、微电子学院团委书记徐红梅老师以及团委副书记罗奕帆老师分别为研究生各年级团支书、本科生...
https://wx.fzu.edu.cn/info/1086/2128.htm,“疫”路前行，筑牢防线--物信学院“三学”全面护航线上学习,2022-03-26,自我校全面转成线上教学以来，物信学院积极动员组织党员干部和志愿者全方位服务学生线上学习，“院领导—辅导员—学科助手—课程助教—朋辈志愿者”五位一体为学生线上学习保驾护航，“领导线上督学、辅导员线上促学、朋辈队伍线上助学”三学领航线上网课学习，不断提升学生线...
https://wx.fzu.edu.cn/info/1086/2129.htm,物信学院开展“青春战‘疫‘ 志愿有我”的志愿服务活动,2022-03-25,志愿“微光”汇成抗疫“星河”，青年“同心”共筑疫情防线。面对开学以来严峻复杂的疫情防控形势，为充分发挥党员、青年志愿者在联防联控中的重要作用，物理与信息工程学院、微电子学院开展“青春战‘疫‘ 志愿有我”的志愿服务活动，在院党委、院团委的统一领导下组织设立了四...
https://wx.fzu.edu.cn/info/1086/2130.htm,线上教学不松懈，平稳有序抗疫情——物信学院严控疫情紧抓学风,2022-03-25,当前疫情形势严峻复杂，校园实行封闭式管理。为了进一步了解学生线上学习质量，关心学生日常生活情况，我院政工干部多次下宿舍、进课堂，紧抓学风，确保学生学习、生活平稳有序，疫情防控紧抓不懈。入课堂、进宿舍、解困难3月21日，线上授课开始，为了进一步了解学生上课情况，...
https://wx.fzu.edu.cn/info/1086/2131.htm,物理与信息工程学院、微电子学院开展 “忆初心、学雷锋、承薪火”义务维修老中青座谈会,2022-03-21,3月5日是第59个“学雷锋纪念日”，也是第23个“中国青年志愿者服务日”。值此雷锋月之际，为进一步学习雷锋精神，推动学院志愿服务发展。3月19日下午14点，物信学院团委、关工委在校内志愿服务基地“雷锋站”举行了“忆初心、学雷锋、承薪火”义务维修老中青座谈会，物信学院团...
https://wx.fzu.edu.cn/info/1086/2132.htm,物信学院第二十二届科技节圆满落幕,2022-03-15,2022年03月12日下午，由共青团福州大学物理与信息工程学院、微电子学院委员会、学生会及关工委主办，学院学生科技与创业中心承办的第二十二届科技作品制作大赛于铜盘教学楼b112顺利开幕，本次比赛邀请到学院信息实验中心主任赖松林老师、学院关工委委员罗国新老师、学院大学生...
https://wx.fzu.edu.cn/info/1086/2133.htm,物信学院2022年春季开学“心理第一课”顺利举行,2022-02-25,新学期开始，为适应疫情防控常态化，做好春季大学生心理健康教育工作，确保同学们平稳有序过渡，提升心理健康素养，以最好的状态迎接新学期，2月21日晚19点，福州大学学生工作部主办了春季开学“心理第一课”专题讲座，特邀请中国科学院大学心理健康教育中心主任肖斌博士作为主...
https://wx.fzu.edu.cn/info/1086/2134.htm,扬求是新风，树学风新貌｜物信学院召开学期初学风建设大会,2022-02-23,为了在新的学期更好地把学风建设工作贯穿于教学、科研和思想教育的全过程，使学生以学养人、治心养性，成为高素质的应用型人才。2022年2月20日下午四点，物理与信息工程学院、微电子学院学风建设大会在物信学院思源厅举办。学院党委郑志刚副书记主持本次会议并做出重要讲话，19...
https://wx.fzu.edu.cn/info/1086/2135.htm,第二十二届科技节活动（上篇）——知识与实践的碰撞,2021-12-12,2021年11月26日（星期五），物信学院科技节开幕式在福州大学铜盘校区B112顺利举办。莅临本次开幕式的领导嘉宾有物信学院党委副书记郑志刚老师、物信学院团委书记徐红梅老师、物信学院团委副书记罗奕帆老师、物信学院21级兼职辅导员杨庆、物信学院21级兼职辅导员李秋雁、科创中...
https://wx.fzu.edu.cn/info/1086/2136.htm,福州大学物理与信息工程学院成功举办2022年研究生招生直播咨询会,2021-09-06,为满足考研学子对研招政策咨询需求，建立招生单位与考生之间高效的信息沟通渠道，福州大学首次与中国教育在线·掌上考研联合举办福州大学2022年研究生招生直播咨询会，9月4日上午十点为物理与信息工程学院直播专场。本场招生咨询会采用网络直播形式，主讲人为物信学院分管研究生...
https://wx.fzu.edu.cn/info/1086/2137.htm,物信学院开展党的二十届三中全会精神学习宣传贯彻团干部宣讲,2021-09-04,为深入学习宣传贯彻党的二十届三中全会精神，2024年9月3日，共青团福州大学物理与信息工程学院委员会在图书馆博学厅开展党的二十届三中全会精神学习宣传贯彻团干部宣讲活动。学院团委书记陈山老师围绕党的二十届三中全会的主要内容、重要意义尤其是对青年一代的要求进行了分享...
https://wx.fzu.edu.cn/info/1086/2138.htm,物信学院“测无不准”团队成功晋级第十六届研究生电子设计竞赛全国总决赛,2021-08-01,“兆易创新杯”第十六届中国研究生电子设计竞赛于2021年4月正式启动，比赛分为技术竞赛和商业计划书专项赛两类。全国划分为八大赛区，分赛区初赛于2021年7月陆续举行。本次比赛吸引了全国200多所高校以及科研院所积极参与，经过分赛区初赛，共有427支队伍晋级全国总决赛。华东...
https://wx.fzu.edu.cn/info/1086/2139.htm,第五届全国大学生集成电路创新创业大赛“芯海杯”华南分赛区决赛圆满收官,2021-07-26,2021年7月23日至25日，第五届全国大学生集成电路创新创业大赛“芯海杯”华南赛区决赛暨集成电路人才对接会在福州大学旗山校区举办。此次大赛由福州大学主办，物理与信息工程学院、微电子学院承办，吸引了华南地区集成电路领域高校师生参与到芯片设计、系统设计及测试等方向的创...
https://wx.fzu.edu.cn/info/1086/2140.htm,胸怀千秋伟业 恰是百年风华——物信学院党委庆祝建党百年系列活动,2021-07-02,2021年7月1日上午8时，庆祝中国共产党成立100周年大会在北京天安门广场隆重举行。物理与信息工程学院党委组织师生党员、学生干部代表在祥联厅以及大物实验楼104融合创新实验室两个分会场集中收看纪念大会直播，聆听了习近平总书记在庆祝大会上的重要讲话。大会直播结束后，学院...
https://wx.fzu.edu.cn/info/1086/2141.htm,“青春·壹柒闯”2021届毕业晚会圆满落幕,2021-06-19,2021年6月15日晚，以“青春·壹柒闯”为主题的福州大学物理与信息工程学院2021届毕业晚会在宏晖文体综合馆举行。这是毕业生献上的一份毕业大礼，也是大四学子最后一页的绚丽华章。参加本次晚会的有福州大学工会常务副主席、福州大学校友会会长程玉敏老师，物信学院陈志璋教授，...
https://wx.fzu.edu.cn/info/1086/2142.htm,物信学院党委隆重举行“光荣在党50年”纪念章颁发仪式,2021-06-19,2021年6月15日上午，福州大学物理与信息工程学院党委根据中办印发《关于做好“光荣在党50年”纪念章颁发工作的通知》的精神以及福州大学党委关于做好“光荣在党50年”纪念章颁发工作的要求，在宏晖文体综合馆隆重举行“光荣在党50年”纪念章颁发仪式。学院党政领导、离退休党员...
https://wx.fzu.edu.cn/info/1086/2143.htm,物信学院2021届毕业生毕业典礼暨学位授予仪式顺利举办,2021-06-17,数载励志求学，一朝鲲鹏展翅。6月15日上午，物理与信息工程学院2020、2021届毕业典礼暨学位授予仪式在宏晖文体综合馆隆重举办。出席本次典礼的有物理与信息工程学院党委张红书记、党委吴唐风副书记、副院长程树英教授、副院长李福山教授、副院长夏岩教授、微电子学院副院长魏...
https://wx.fzu.edu.cn/info/1086/2144.htm,关于2021届物信学院硕士研究生陈瑜就业协议书遗失的公示,2021-05-13,陈瑜，女，物理与信息工程学院2021届集成电路工程硕士研究生，学号181127071。因不慎遗失就业协议书，原就业协议书现已作废，申请补办，特予公示，公示期为2021年5月13日至2021年5月18日。    &...
https://wx.fzu.edu.cn/info/1086/2145.htm,关于2021届物信学院硕士研究生张进就业协议书遗失的公示,2021-05-10,张进，男，物理与信息工程学院2021届电子与通信工程硕士研究生，学号181127055。因不慎遗失就业协议书，原就业协议书现已作废，申请补办，特予公示，公示期为2021年5月10日至2021年5月15日。如有疑义，请致电0591-22...
https://wx.fzu.edu.cn/info/1086/2146.htm,物信学院关工委积极组织学生共同学习《福建教育五老说》,2021-04-27,为引导同学们学习中国共产党的优良传统与作风，坚定听党话跟党走、担当民族复兴大任的信念与决心。2021年4月24日晚上19：30，在物信学院关工委的组织下，同学们于物信学院祥联厅共同观看《福建教育五老说》栏目组“入...
https://wx.fzu.edu.cn/info/1086/2147.htm,喜报|福大物信学子在第四届全国大学生集成电路创新创业大赛中再创佳绩,2021-04-18,在2020年8月21日至8月23日的全国大学生集成电路创新创业大赛总决赛中，福州大学物理与信息工程学院学子喜获全国总决赛二等奖一项、三等奖一项。 集成电路是信息技术产业的核心，是支撑经济社会发展和保障国家安...
https://wx.fzu.edu.cn/info/1086/2148.htm,云间电台第五期《毕业季的小畅想》,2021-04-18,6月14日晚18时，由福州大学学生工作部（处）、研究生工作部（处）主办、物理与信息工程学院心理中心承办的“日落辰起，以声慰你”第五期云间电台如期展开。本期云间电台以“毕业季的小畅想”为主题，为老师同学们提供...
https://wx.fzu.edu.cn/info/1086/2149.htm,简讯：物信学院在全国大学生模拟电子系统设计邀请赛中喜获全国三等奖,2021-04-18,我院学子吴兴业、陈伟宏、叶静雯在2020年TI杯全国大学生模拟电子系统设计专题邀请赛上喜获全国三等奖。全国大学生模拟电子系统设计邀请赛每两年举办一次，仅面向部分国内电子类专业强校发出邀请，赛制为两天一夜全封...
https://wx.fzu.edu.cn/info/1086/2150.htm,喜报|物信学院在2020中美青年创客（厦门赛区）大赛中喜获佳绩,2021-04-18,在2020年7月20日结束的2020中美青年创客大赛厦门赛区比赛中，福州大学物信学院学子的“Al“私教”-基于深度视觉的运动矫正系统”项目获二等奖，工艺美院与物信学院学子携手开展的“乐色（COLOR-MUSICIAN）”项目获二...
